position,layer,n95,n99,n_dims_above_noise,scree3,noise3,tortuosity,planarity2,split_half_r,snr,mean_pr
T3,1,7,13,16,0.07100889086723328,0.0005786138935945928,4.707587718963623,0.7836030721664429,0.998561112434465,0.20557387173175812,6.015637435913086
R0,1,6,13,16,0.0361504852771759,0.0022789512295275927,2.496142625808716,0.8590568900108337,0.9969747280334114,0.05215322598814964,4.813801999092102
T3,2,8,15,16,0.049987100064754486,0.00263589876703918,4.129614353179932,0.8038147687911987,0.9914227831204415,0.16732896864414215,3.8125195407867434
R0,2,7,15,16,0.04336988925933838,0.001570187509059906,2.588327169418335,0.849410891532898,0.9951644527525303,0.05659036710858345,4.7777657794952395
T3,3,7,15,16,0.026886112987995148,0.002102697966620326,3.2071340084075928,0.8753274083137512,0.9974526320362059,0.13025015592575073,4.408663854598999
R0,3,7,16,16,0.03840605169534683,0.001421657856553793,2.830474376678467,0.8509015440940857,0.9917689595574561,0.07034531235694885,4.205279560089111
T3,4,8,16,16,0.024202479049563408,0.0025568604469299316,3.060763120651245,0.86414635181427,0.9962546840795291,0.1562032848596573,4.859690275192261
R0,4,8,16,16,0.03757396340370178,0.0019181965617462993,3.070810556411743,0.8345695734024048,0.9905234755504511,0.09825317561626434,4.335058717727661
T3,5,7,16,16,0.026356937363743782,0.0018451032228767872,2.7715651988983154,0.871877908706665,0.9956527582096645,0.11293753981590271,4.716089668273926
R0,5,8,16,16,0.040519919246435165,0.002626372966915369,3.327760696411133,0.8212484121322632,0.9866628898244318,0.10931339859962463,4.732348175048828
T3,6,8,17,16,0.03737836703658104,0.0018339650705456734,3.002732038497925,0.8446800112724304,0.9953650811400863,0.1372089982032776,5.2292074203491214
R0,6,8,16,16,0.04877738654613495,0.0021361808758229017,3.2884559631347656,0.8151464462280273,0.9879644962898162,0.10714516043663025,5.031122570037842
T3,7,9,17,16,0.07399634271860123,0.0019413093104958534,2.8579792976379395,0.777897298336029,0.9939226868968908,0.11641829460859299,5.945001411437988
R0,7,10,18,16,0.09032382071018219,0.0020578079856932163,3.077086925506592,0.7149266004562378,0.9933689484989021,0.11282330006361008,6.3227408981323245
T3,8,10,17,16,0.09579532593488693,0.0019230624893680215,3.0676095485687256,0.7374166250228882,0.9942913321128827,0.11657174676656723,6.48912275314331
R0,8,9,17,16,0.08593697845935822,0.002012715907767415,3.240574359893799,0.7197781801223755,0.9915867770598045,0.14651870727539062,6.179028167724609
T3,9,10,18,16,0.11236657947301865,0.002333050826564431,2.9160408973693848,0.6884082555770874,0.9940859362660706,0.09597306698560715,8.348998756408692
R0,9,9,18,16,0.08644308894872665,0.002516484586521983,3.493695020675659,0.7179120182991028,0.9904175291820715,0.12211699038743973,6.9987766075134275
T3,10,10,18,16,0.10895390808582306,0.002610247815027833,2.8915302753448486,0.6962333917617798,0.9929566926175613,0.08249082416296005,8.021734294891358
R0,10,9,18,16,0.08490937948226929,0.0025736456736922264,3.4936296939849854,0.7244953513145447,0.9890400108888895,0.12784172594547272,7.339236793518066
T3,11,10,18,16,0.12249233573675156,0.002177805406972766,2.7290782928466797,0.692383885383606,0.9912914735081054,0.06564661115407944,6.492195930480957
R0,11,9,17,16,0.08470772951841354,0.0027655563317239285,3.6929078102111816,0.7303705215454102,0.987902357818143,0.1606893688440323,7.453223781585693
T3,12,9,17,16,0.1147352010011673,0.0018405078444629908,2.9030439853668213,0.6935294270515442,0.9930195411577353,0.09927290678024292,6.764949684143066
R0,12,9,17,16,0.07519911229610443,0.0024580347817391157,3.577346086502075,0.7451595067977905,0.9889579988641002,0.13394993543624878,7.620437068939209
T3,13,10,18,16,0.10804429650306702,0.0021709869615733624,2.8656108379364014,0.6960688829421997,0.9920519008250369,0.11278503388166428,6.936674041748047
R0,13,9,16,16,0.059927716851234436,0.001550709130242467,2.8051233291625977,0.7575022578239441,0.9931917699378701,0.16723570227622986,8.288682899475099
T3,14,9,18,16,0.10388495028018951,0.0020572326611727476,2.7713067531585693,0.710293710231781,0.9963599203978921,0.1752319633960724,7.916939392089843
R0,14,8,16,16,0.07314583659172058,0.0010121477534994483,2.565298557281494,0.7561451196670532,0.9976724237565707,0.21241573989391327,8.705041904449462
T3,15,10,18,16,0.11355569213628769,0.0016706171445548534,2.8086390495300293,0.7035690546035767,0.9966792280052377,0.22747695446014404,9.055687141418456
R0,15,8,16,16,0.07104943692684174,0.0011415253393352032,2.608992338180542,0.7617552280426025,0.9976953697322395,0.20320013165473938,8.443994140625
T3,16,8,16,16,0.09463594108819962,0.0011126091703772545,2.6840760707855225,0.756393551826477,0.9982580216414392,0.21745306253433228,9.12645544052124
R0,16,8,16,16,0.0867900475859642,0.0010652836645022035,2.669071674346924,0.767390251159668,0.9982960574402682,0.2044091373682022,8.307031860351563
T3,17,8,16,16,0.08876705169677734,0.0011205044575035572,2.6797425746917725,0.7647686004638672,0.9983716471611325,0.21714264154434204,9.453278656005859
R0,17,7,15,16,0.11128316819667816,0.0009515916462987661,3.3713173866271973,0.730049729347229,0.9984383744535235,0.1969774216413498,8.247711849212646
T3,18,7,15,16,0.11048419773578644,0.0009399073896929622,2.896787643432617,0.7537569403648376,0.9983154887666785,0.22136053442955017,8.514562149047851
R0,18,7,15,16,0.10737097263336182,0.0008756628376431763,3.4068236351013184,0.7606693506240845,0.9987093900482166,0.24631066620349884,7.819775714874267
T3,19,7,15,16,0.12393617630004883,0.0007316828705370426,3.204591989517212,0.7412002682685852,0.998585582249425,0.2502281069755554,8.283446311950684
R0,19,6,15,16,0.10334012657403946,0.0009154276340268552,3.30464768409729,0.7722007632255554,0.9986389543741582,0.24837049841880798,7.946137504577637
T3,20,7,14,16,0.12397439032793045,0.0006028329371474683,3.939103841781616,0.7457667589187622,0.998701700412661,0.24019873142242432,8.22245822906494
R0,20,6,14,16,0.09784509986639023,0.0008130487985908985,3.187131881713867,0.7913740873336792,0.9987060497853725,0.24911613762378693,7.863477115631103
T3,21,7,14,16,0.11586810648441315,0.0006637236219830811,4.013342380523682,0.7606536149978638,0.9985835765800756,0.24888209998607635,8.304404850006103
R0,21,6,13,16,0.09298529475927353,0.0007381123723462224,3.377275228500366,0.8110898733139038,0.9987429602130589,0.25319379568099976,7.78346342086792
T3,22,6,14,16,0.11830329895019531,0.0006948930094949901,3.962495803833008,0.7689158916473389,0.9987557931044153,0.2557636797428131,8.343951740264892
R0,22,6,13,16,0.10512171685695648,0.0008023735717870295,3.1536178588867188,0.7997640371322632,0.9989131194312982,0.2551981210708618,7.757420711517334
T3,23,6,14,16,0.11862969398498535,0.0007350330124609172,4.109640121459961,0.7695292830467224,0.9986688628071563,0.26106980443000793,8.35947322845459
R0,23,6,13,16,0.11094914376735687,0.0007866377127356827,3.1188268661499023,0.7934606075286865,0.9990232004033572,0.2658272385597229,7.925877857208252
T3,24,6,14,16,0.12979817390441895,0.0007437319145537913,4.271144390106201,0.761106014251709,0.9987583299442129,0.2593096196651459,8.208069591522216
R0,24,5,14,16,0.13021689653396606,0.0008846867713145912,3.2031409740448,0.7831006050109863,0.9993516955525177,0.2893926799297333,6.784413661956787
T3,25,6,14,16,0.12844730913639069,0.000769140780903399,4.389096260070801,0.7670274376869202,0.9987687323310938,0.25725486874580383,8.39168336868286
R0,25,5,14,16,0.12062454223632812,0.0008301729103550315,3.719525098800659,0.7864426970481873,0.9979198813715121,0.2852908670902252,6.393736896514892
T3,26,6,14,16,0.12323490530252457,0.0007927307160571218,4.382259845733643,0.7735130786895752,0.9987768350376266,0.24778051674365997,8.511804218292236
R0,26,4,12,16,0.09951387345790863,0.0006087660440243781,3.6785333156585693,0.82957524061203,0.9984648028074251,0.3053421974182129,5.869418182373047
T3,27,6,14,16,0.1167077124118805,0.0007698341505602002,4.274166584014893,0.7793999910354614,0.9986900313984152,0.2534235119819641,8.46787244796753
R0,27,5,12,16,0.11450081318616867,0.0007906897808425128,3.702570676803589,0.8041844964027405,0.9984786865471756,0.285049706697464,5.408312892913818
T3,28,6,14,16,0.116214320063591,0.0007844129577279091,4.230672836303711,0.774014413356781,0.9986546112163788,0.23988768458366394,8.555750141143799
R0,28,5,12,16,0.11279121786355972,0.0007351202657446265,3.8369650840759277,0.8038187026977539,0.9982643016902513,0.2811061143875122,5.446704406738281
T3,29,6,14,16,0.11270807683467865,0.0007607170846313238,4.455050945281982,0.7802548408508301,0.9985180707557574,0.23942270874977112,8.376262855529784
R0,29,5,12,16,0.11557292193174362,0.0007029084372334182,3.787360191345215,0.7973020672798157,0.9982225674702996,0.27997517585754395,5.435559787750244
T3,30,6,13,16,0.1116858422756195,0.0007127400604076684,4.548126220703125,0.7839106321334839,0.9984264162784074,0.23835821449756622,8.309861717224122
R0,30,5,13,16,0.11713480949401855,0.0007546697161160409,3.712998628616333,0.7822843790054321,0.998321481155987,0.26419365406036377,5.121935529708862
T3,31,6,13,16,0.10834252834320068,0.0006922833854332566,4.596777439117432,0.7878362536430359,0.9983163824420063,0.23234637081623077,8.289680862426758
R0,31,5,13,16,0.12174785882234573,0.0007741295266896486,3.7283575534820557,0.7749502062797546,0.9982771268418016,0.25355660915374756,5.10745512008667
T3,32,6,14,16,0.10687718540430069,0.0006870685610920191,4.749416351318359,0.7877025604248047,0.9984129208024438,0.22572815418243408,8.40871618270874
R0,32,6,13,16,0.12304206192493439,0.0008318467880599201,3.7098660469055176,0.7723119854927063,0.9982455109382005,0.2477567195892334,5.1325353908538816
T3,33,6,14,16,0.11154934763908386,0.0006878837593831122,4.876880168914795,0.7828007340431213,0.9982749469181831,0.22424308955669403,8.510413665771484
R0,33,6,13,16,0.1238190084695816,0.0008470028406009078,3.751507043838501,0.769868791103363,0.9981685900407911,0.24650593101978302,5.211316804885865
T3,34,6,14,16,0.11508399993181229,0.000688547152094543,4.952385902404785,0.7789560556411743,0.9983736218607371,0.22077880799770355,8.715606880187988
R0,34,6,14,16,0.12105939537286758,0.0008227155776694417,3.7758514881134033,0.7599917054176331,0.9980879479749973,0.2380107045173645,5.156115217208862
T3,35,6,14,16,0.11487051099538803,0.0006862854934297502,5.03549337387085,0.7803564071655273,0.9983119190102197,0.22874779999256134,8.837351922988892
R0,35,8,16,16,0.11823832988739014,0.0008096455130726099,3.767726182937622,0.743046760559082,0.9980320979801295,0.22547079622745514,5.470723428726196
T3,36,6,13,16,0.11742331087589264,0.0006676450138911605,5.1238508224487305,0.7761409282684326,0.998263579336489,0.22547677159309387,8.832673845291138
R0,36,8,16,16,0.11754190921783447,0.0008149902569130063,3.748136281967163,0.732479989528656,0.9980361147764133,0.22147363424301147,5.506646671295166
T3,37,6,13,16,0.11033792793750763,0.0006566899828612804,5.181280136108398,0.7876187562942505,0.9983031188468929,0.23362323641777039,8.950229797363281
R0,37,8,16,16,0.11909562349319458,0.0008080483530648053,3.751253604888916,0.7307533025741577,0.9978997853855305,0.22063954174518585,5.570106124877929
T3,38,5,13,16,0.09713828563690186,0.0006127746310085058,5.108130931854248,0.8074292540550232,0.9981804879332146,0.24401861429214478,9.064250011444091
R0,38,8,16,16,0.11961311101913452,0.0007959932554513216,3.8772199153900146,0.7159309387207031,0.9973530104836156,0.20955435931682587,5.691177053451538
T3,39,5,13,16,0.09766024351119995,0.0006444327300414443,5.19155216217041,0.8030474185943604,0.9979839271590576,0.2577424943447113,9.120485916137696
R0,39,8,16,16,0.11468319594860077,0.0007642618729732931,4.002945423126221,0.7210195064544678,0.9965523225481949,0.20190107822418213,5.761254005432129
T3,40,6,13,16,0.09838263690471649,0.0006436072289943695,5.097133159637451,0.8017542958259583,0.9980786875355573,0.2650752365589142,9.325981216430664
R0,40,7,16,16,0.10658975690603256,0.0009377803071402013,4.122380256652832,0.7478936314582825,0.9950648586611738,0.22853867709636688,5.468865413665771
