cell,decoder,alpha,dev_rmse
L14:T0,baseline,0.1,0.21325505092493427
L14:T0,rad_all,0.1,0.21577010863538076
L14:T0,lofo_entity_age,0.1,0.23019336202937304
L14:T0,lofo_prep_time,0.01,0.2298871227212531
L14:T0,lofo_tenure,0.01,0.23437465019488624
L14:T0,lofo_background_event,0.1,0.22807795255483052
L14:T0,lofo_other_horizon,0.1,0.18882979117475857
L14:T1,baseline,0.1,0.16437368877790648
L14:T1,rad_all,0.1,0.1447128583230099
L14:T1,lofo_entity_age,0.1,0.14465509776855673
L14:T1,lofo_prep_time,0.1,0.14462893139356894
L14:T1,lofo_tenure,0.1,0.1497849615141744
L14:T1,lofo_background_event,0.1,0.14654913611955828
L14:T1,lofo_other_horizon,0.1,0.1461163853031199
L14:T2,baseline,0.1,0.16734421414758005
L14:T2,rad_all,1.0,0.20084625563791736
L14:T2,lofo_entity_age,1.0,0.2015732303129967
L14:T2,lofo_prep_time,1.0,0.20955686148697655
L14:T2,lofo_tenure,1.0,0.20139960610724672
L14:T2,lofo_background_event,1.0,0.19675707176120188
L14:T2,lofo_other_horizon,1.0,0.1710477455878959
L14:T3,baseline,0.1,0.2505084628488947
L14:T3,rad_all,0.1,0.2609400310728538
L14:T3,lofo_entity_age,0.1,0.2653334215338384
L14:T3,lofo_prep_time,0.1,0.27365442268429385
L14:T3,lofo_tenure,0.1,0.26609898197700116
L14:T3,lofo_background_event,0.1,0.2695007058907705
L14:T3,lofo_other_horizon,0.1,0.23420364209405645
L14:T4,baseline,0.1,0.27781846403153143
L14:T4,rad_all,0.1,0.2791747514675013
L14:T4,lofo_entity_age,0.1,0.28999522956511137
L14:T4,lofo_prep_time,0.1,0.2857515105367553
L14:T4,lofo_tenure,0.1,0.2715765663834368
L14:T4,lofo_background_event,0.1,0.2885580447096837
L14:T4,lofo_other_horizon,0.1,0.24625105767924238
L14:T5,baseline,0.1,0.21794299059797578
L14:T5,rad_all,0.1,0.25077124842531306
L14:T5,lofo_entity_age,0.1,0.2631340700133455
L14:T5,lofo_prep_time,0.1,0.25632708866338566
L14:T5,lofo_tenure,0.1,0.25546871440914076
L14:T5,lofo_background_event,0.1,0.2628937287081641
L14:T5,lofo_other_horizon,0.1,0.21573286045110335
L14:T6,baseline,0.1,0.21995094892239625
L14:T6,rad_all,0.1,0.20073223241089885
L14:T6,lofo_entity_age,0.1,0.2103948425673261
L14:T6,lofo_prep_time,0.1,0.20699665799719544
L14:T6,lofo_tenure,0.1,0.19353106834463019
L14:T6,lofo_background_event,0.1,0.2131153143628257
L14:T6,lofo_other_horizon,0.1,0.18705877825156533
L14:T7,baseline,0.1,0.19943363757499086
L14:T7,rad_all,0.1,0.2690868659223753
L14:T7,lofo_entity_age,0.1,0.2793217765312418
L14:T7,lofo_prep_time,0.1,0.26525033902260303
L14:T7,lofo_tenure,0.1,0.2699314908497823
L14:T7,lofo_background_event,0.1,0.278195249286836
L14:T7,lofo_other_horizon,0.1,0.23045479597056712
L14:T8,baseline,0.1,0.2096394549163379
L14:T8,rad_all,0.1,0.21669791304936856
L14:T8,lofo_entity_age,0.1,0.2196386549600879
L14:T8,lofo_prep_time,0.1,0.2214290907630963
L14:T8,lofo_tenure,0.1,0.22257653035406888
L14:T8,lofo_background_event,0.1,0.2244495277342729
L14:T8,lofo_other_horizon,0.1,0.19609100393501203
L14:R0,baseline,0.1,0.18779280614901972
L14:R0,rad_all,0.1,0.17478180015509173
L14:R0,lofo_entity_age,0.1,0.17945828565934122
L14:R0,lofo_prep_time,0.1,0.1789725857883263
L14:R0,lofo_tenure,0.1,0.17650625010766005
L14:R0,lofo_background_event,0.1,0.1798139422806674
L14:R0,lofo_other_horizon,0.1,0.16733724753846363
L18:T0,baseline,0.01,0.18254744236925588
L18:T0,rad_all,0.1,0.16978627431074103
L18:T0,lofo_entity_age,0.1,0.16915571255644662
L18:T0,lofo_prep_time,0.1,0.1710019112274547
L18:T0,lofo_tenure,0.1,0.17653145301448778
L18:T0,lofo_background_event,0.1,0.17049434492350324
L18:T0,lofo_other_horizon,0.1,0.17199324855144402
L18:T1,baseline,0.1,0.16437054179950705
L18:T1,rad_all,0.1,0.12854169367261917
L18:T1,lofo_entity_age,0.1,0.13284975810827618
L18:T1,lofo_prep_time,0.1,0.13419749323674124
L18:T1,lofo_tenure,0.1,0.13127911513233825
L18:T1,lofo_background_event,0.1,0.1376039898325128
L18:T1,lofo_other_horizon,0.1,0.12410594573573268
L18:T2,baseline,0.01,0.1901932808917682
L18:T2,rad_all,1.0,0.17858849895781737
L18:T2,lofo_entity_age,1.0,0.17900131557518778
L18:T2,lofo_prep_time,1.0,0.1849413573766682
L18:T2,lofo_tenure,1.0,0.1792607006508603
L18:T2,lofo_background_event,1.0,0.18391399307672934
L18:T2,lofo_other_horizon,1.0,0.17060050519349473
L18:T3,baseline,1.0,0.19588389837996864
L18:T3,rad_all,1.0,0.1826292780013661
L18:T3,lofo_entity_age,1.0,0.1874669103229714
L18:T3,lofo_prep_time,1.0,0.18832052175650413
L18:T3,lofo_tenure,1.0,0.18252250426030173
L18:T3,lofo_background_event,1.0,0.18554346935226174
L18:T3,lofo_other_horizon,1.0,0.16649635269024526
L18:T4,baseline,1.0,0.17810100587090236
L18:T4,rad_all,0.1,0.18533224944357188
L18:T4,lofo_entity_age,0.1,0.19011857215313638
L18:T4,lofo_prep_time,1.0,0.1883798597279796
L18:T4,lofo_tenure,0.1,0.17960482736109434
L18:T4,lofo_background_event,0.1,0.1941308083211598
L18:T4,lofo_other_horizon,1.0,0.1668642004555708
L18:T5,baseline,0.1,0.20668745283811954
L18:T5,rad_all,0.1,0.2664213900364587
L18:T5,lofo_entity_age,0.1,0.2687545297682154
L18:T5,lofo_prep_time,0.1,0.2643195754630953
L18:T5,lofo_tenure,1.0,0.267324894586482
L18:T5,lofo_background_event,0.1,0.27208430090598623
L18:T5,lofo_other_horizon,0.1,0.21970277474018196
L18:T6,baseline,1.0,0.2023216194844171
L18:T6,rad_all,0.1,0.18672184299000844
L18:T6,lofo_entity_age,0.1,0.19881203912551207
L18:T6,lofo_prep_time,0.1,0.19773023861896688
L18:T6,lofo_tenure,0.1,0.1945500816377925
L18:T6,lofo_background_event,0.1,0.19718983779884913
L18:T6,lofo_other_horizon,0.1,0.16866895471365895
L18:T7,baseline,1.0,0.2140714387011737
L18:T7,rad_all,1.0,0.24465516670349644
L18:T7,lofo_entity_age,1.0,0.25750747860879436
L18:T7,lofo_prep_time,0.1,0.24828508458370047
L18:T7,lofo_tenure,1.0,0.2474532233141175
L18:T7,lofo_background_event,1.0,0.2570694129851696
L18:T7,lofo_other_horizon,1.0,0.21287141020617617
L18:T8,baseline,1.0,0.21921257020889642
L18:T8,rad_all,0.1,0.1956544898188329
L18:T8,lofo_entity_age,0.1,0.19803016715571659
L18:T8,lofo_prep_time,1.0,0.1927464080260345
L18:T8,lofo_tenure,0.1,0.20198240154853025
L18:T8,lofo_background_event,0.1,0.2060315627080848
L18:T8,lofo_other_horizon,0.1,0.18270718663932006
L18:R0,baseline,0.1,0.20410901617981247
L18:R0,rad_all,0.1,0.15335607554990668
L18:R0,lofo_entity_age,0.1,0.15610275775103963
L18:R0,lofo_prep_time,0.1,0.15380785970749591
L18:R0,lofo_tenure,0.1,0.1523918782880458
L18:R0,lofo_background_event,0.1,0.16224802055537854
L18:R0,lofo_other_horizon,0.1,0.15552972880017027
L22:T0,baseline,1.0,0.18712597325425034
L22:T0,rad_all,1.0,0.15643967754804525
L22:T0,lofo_entity_age,1.0,0.16623272650797702
L22:T0,lofo_prep_time,1.0,0.16022024353881603
L22:T0,lofo_tenure,1.0,0.16340695704582558
L22:T0,lofo_background_event,1.0,0.1668784669062268
L22:T0,lofo_other_horizon,0.1,0.14826808138214437
L22:T1,baseline,0.1,0.1268381173697159
L22:T1,rad_all,1.0,0.13389550108874385
L22:T1,lofo_entity_age,0.1,0.13695986746745517
L22:T1,lofo_prep_time,0.1,0.13559162262180038
L22:T1,lofo_tenure,1.0,0.1388348826576439
L22:T1,lofo_background_event,1.0,0.13687143955335468
L22:T1,lofo_other_horizon,1.0,0.12401671986862348
L22:T2,baseline,1.0,0.19748266994786018
L22:T2,rad_all,10.0,0.20916865101567694
L22:T2,lofo_entity_age,10.0,0.21676487822827548
L22:T2,lofo_prep_time,10.0,0.20554682381537584
L22:T2,lofo_tenure,10.0,0.21156096142545527
L22:T2,lofo_background_event,10.0,0.22423905492695223
L22:T2,lofo_other_horizon,10.0,0.1831801931142668
L22:T3,baseline,1.0,0.1526008208563361
L22:T3,rad_all,1.0,0.16895647097169664
L22:T3,lofo_entity_age,1.0,0.1776400129930676
L22:T3,lofo_prep_time,1.0,0.16617182085580068
L22:T3,lofo_tenure,1.0,0.16901352742820186
L22:T3,lofo_background_event,1.0,0.17370237764731578
L22:T3,lofo_other_horizon,1.0,0.16253567505021033
L22:T4,baseline,10.0,0.2062650999389424
L22:T4,rad_all,10.0,0.23338511021034417
L22:T4,lofo_entity_age,1.0,0.24046826045486913
L22:T4,lofo_prep_time,10.0,0.23472521974451704
L22:T4,lofo_tenure,1.0,0.24135073004937263
L22:T4,lofo_background_event,1.0,0.24429779619789907
L22:T4,lofo_other_horizon,10.0,0.20078048431787915
L22:T5,baseline,1.0,0.22856320862595939
L22:T5,rad_all,1.0,0.2071390375906046
L22:T5,lofo_entity_age,1.0,0.21373462018244033
L22:T5,lofo_prep_time,1.0,0.20615794597245296
L22:T5,lofo_tenure,1.0,0.21046780174619037
L22:T5,lofo_background_event,1.0,0.21197653130862412
L22:T5,lofo_other_horizon,1.0,0.1997815356973573
L22:T6,baseline,0.1,0.1403648054612503
L22:T6,rad_all,1.0,0.16730917742186485
L22:T6,lofo_entity_age,1.0,0.17836223021375766
L22:T6,lofo_prep_time,1.0,0.16783831933430504
L22:T6,lofo_tenure,1.0,0.17169785534943408
L22:T6,lofo_background_event,1.0,0.17624686653010008
L22:T6,lofo_other_horizon,1.0,0.14800743473745212
L22:T7,baseline,1.0,0.20530311535899773
L22:T7,rad_all,1.0,0.21171851410520579
L22:T7,lofo_entity_age,1.0,0.2156135487859016
L22:T7,lofo_prep_time,1.0,0.21226711174420787
L22:T7,lofo_tenure,1.0,0.2157185809940841
L22:T7,lofo_background_event,1.0,0.2215902660143579
L22:T7,lofo_other_horizon,1.0,0.19805780025265687
L22:T8,baseline,1.0,0.17500811162915136
L22:T8,rad_all,1.0,0.17950464433247476
L22:T8,lofo_entity_age,1.0,0.17924728357354908
L22:T8,lofo_prep_time,1.0,0.18074287992771562
L22:T8,lofo_tenure,1.0,0.19183819279643344
L22:T8,lofo_background_event,1.0,0.1833807833851716
L22:T8,lofo_other_horizon,1.0,0.16688619059055027
L22:R0,baseline,0.1,0.1852094182720631
L22:R0,rad_all,1.0,0.1493997302542808
L22:R0,lofo_entity_age,0.1,0.15166973016296767
L22:R0,lofo_prep_time,1.0,0.15798238820171276
L22:R0,lofo_tenure,1.0,0.14847105017218157
L22:R0,lofo_background_event,1.0,0.1525079177028799
L22:R0,lofo_other_horizon,1.0,0.1535565698313275
L26:T0,baseline,1.0,0.17258739796794054
L26:T0,rad_all,1.0,0.17361527539295404
L26:T0,lofo_entity_age,1.0,0.18501328949540366
L26:T0,lofo_prep_time,1.0,0.17686234406035242
L26:T0,lofo_tenure,1.0,0.1812285046809438
L26:T0,lofo_background_event,1.0,0.18072702947850233
L26:T0,lofo_other_horizon,1.0,0.1435343299857961
L26:T1,baseline,0.1,0.1339397827065499
L26:T1,rad_all,1.0,0.1402187134820442
L26:T1,lofo_entity_age,10.0,0.15208006501466262
L26:T1,lofo_prep_time,1.0,0.1374936770523019
L26:T1,lofo_tenure,1.0,0.14456318473116003
L26:T1,lofo_background_event,1.0,0.13933807569874546
L26:T1,lofo_other_horizon,10.0,0.13891773764019308
L26:T2,baseline,10.0,0.23159449115082964
L26:T2,rad_all,100.0,0.23526293898248185
L26:T2,lofo_entity_age,100.0,0.2334776303096794
L26:T2,lofo_prep_time,100.0,0.2420386341589576
L26:T2,lofo_tenure,100.0,0.24067156784369606
L26:T2,lofo_background_event,100.0,0.2440647834370879
L26:T2,lofo_other_horizon,10.0,0.22167020051474248
L26:T3,baseline,10.0,0.18577059103006713
L26:T3,rad_all,10.0,0.2023063727167042
L26:T3,lofo_entity_age,10.0,0.20907680092994077
L26:T3,lofo_prep_time,10.0,0.20387255062594783
L26:T3,lofo_tenure,10.0,0.2049214592711862
L26:T3,lofo_background_event,10.0,0.2103747594089805
L26:T3,lofo_other_horizon,10.0,0.1846670425920557
L26:T4,baseline,10.0,0.21676493067819863
L26:T4,rad_all,10.0,0.23229404172733842
L26:T4,lofo_entity_age,10.0,0.236885359745458
L26:T4,lofo_prep_time,10.0,0.23052049251125373
L26:T4,lofo_tenure,10.0,0.2364957274604332
L26:T4,lofo_background_event,10.0,0.244448208856307
L26:T4,lofo_other_horizon,10.0,0.20859783480045987
L26:T5,baseline,1.0,0.21004381679215597
L26:T5,rad_all,1.0,0.20993924264967864
L26:T5,lofo_entity_age,1.0,0.21501407574689144
L26:T5,lofo_prep_time,1.0,0.21014057785929843
L26:T5,lofo_tenure,1.0,0.2153043854815788
L26:T5,lofo_background_event,1.0,0.22030533458447601
L26:T5,lofo_other_horizon,1.0,0.20066849239729706
L26:T6,baseline,1.0,0.16232351330197933
L26:T6,rad_all,1.0,0.16915463514531875
L26:T6,lofo_entity_age,1.0,0.17267113641090753
L26:T6,lofo_prep_time,1.0,0.1769162502726036
L26:T6,lofo_tenure,1.0,0.16945899908642245
L26:T6,lofo_background_event,1.0,0.17543858179733374
L26:T6,lofo_other_horizon,1.0,0.15709415598399998
L26:T7,baseline,1.0,0.19781391071816448
L26:T7,rad_all,1.0,0.20978985660829025
L26:T7,lofo_entity_age,1.0,0.2184237955368211
L26:T7,lofo_prep_time,1.0,0.21309861827815701
L26:T7,lofo_tenure,1.0,0.20820968496174186
L26:T7,lofo_background_event,1.0,0.21133830763154085
L26:T7,lofo_other_horizon,1.0,0.19421506695213056
L26:T8,baseline,10.0,0.19445980266653
L26:T8,rad_all,10.0,0.16470481830427233
L26:T8,lofo_entity_age,10.0,0.1683838211581776
L26:T8,lofo_prep_time,1.0,0.16700151298015922
L26:T8,lofo_tenure,10.0,0.1743222096413089
L26:T8,lofo_background_event,10.0,0.16895830735231512
L26:T8,lofo_other_horizon,1.0,0.16189046022192544
L26:R0,baseline,1.0,0.1709186164766643
L26:R0,rad_all,1.0,0.15467600595496375
L26:R0,lofo_entity_age,1.0,0.1571742982354781
L26:R0,lofo_prep_time,1.0,0.1576654921705528
L26:R0,lofo_tenure,1.0,0.15893323404280998
L26:R0,lofo_background_event,1.0,0.1647493568585041
L26:R0,lofo_other_horizon,1.0,0.14968735443334927
L29:T0,baseline,1.0,0.18402863709993272
L29:T0,rad_all,10.0,0.1875163654963235
L29:T0,lofo_entity_age,10.0,0.196267739439511
L29:T0,lofo_prep_time,10.0,0.19298625890303966
L29:T0,lofo_tenure,10.0,0.19503525401631766
L29:T0,lofo_background_event,10.0,0.19268270426305564
L29:T0,lofo_other_horizon,10.0,0.16535600606164347
L29:T1,baseline,10.0,0.15002738938052804
L29:T1,rad_all,10.0,0.15354173631861676
L29:T1,lofo_entity_age,10.0,0.16067583421298845
L29:T1,lofo_prep_time,10.0,0.15054827430881818
L29:T1,lofo_tenure,10.0,0.15918921272173142
L29:T1,lofo_background_event,10.0,0.15701011269515405
L29:T1,lofo_other_horizon,10.0,0.1571887590429693
L29:T2,baseline,10.0,0.2674200142009401
L29:T2,rad_all,100.0,0.2699253519987375
L29:T2,lofo_entity_age,100.0,0.2559853321920534
L29:T2,lofo_prep_time,100.0,0.27944638507058844
L29:T2,lofo_tenure,100.0,0.2671045168500364
L29:T2,lofo_background_event,100.0,0.27637848389428
L29:T2,lofo_other_horizon,100.0,0.2598892560852212
L29:T3,baseline,10.0,0.20225797024136685
L29:T3,rad_all,10.0,0.21601684421471115
L29:T3,lofo_entity_age,10.0,0.2292232659404175
L29:T3,lofo_prep_time,10.0,0.2117587410240399
L29:T3,lofo_tenure,10.0,0.22059491684785854
L29:T3,lofo_background_event,10.0,0.22482649684553951
L29:T3,lofo_other_horizon,10.0,0.19811351434743468
L29:T4,baseline,10.0,0.20324083828511288
L29:T4,rad_all,10.0,0.2308554044368322
L29:T4,lofo_entity_age,10.0,0.2379669427976102
L29:T4,lofo_prep_time,10.0,0.23283794985896444
L29:T4,lofo_tenure,10.0,0.23843740470972039
L29:T4,lofo_background_event,10.0,0.23970960851810003
L29:T4,lofo_other_horizon,10.0,0.20136986700668094
L29:T5,baseline,10.0,0.23846100223253783
L29:T5,rad_all,1.0,0.23752872411171913
L29:T5,lofo_entity_age,10.0,0.24986459932073318
L29:T5,lofo_prep_time,1.0,0.2448692468044418
L29:T5,lofo_tenure,1.0,0.2439803365619759
L29:T5,lofo_background_event,1.0,0.24607406729778397
L29:T5,lofo_other_horizon,1.0,0.2258632433446234
L29:T6,baseline,10.0,0.18434991763522518
L29:T6,rad_all,10.0,0.18661718680831826
L29:T6,lofo_entity_age,10.0,0.19272429692810042
L29:T6,lofo_prep_time,10.0,0.19093134632010433
L29:T6,lofo_tenure,10.0,0.18864213208159183
L29:T6,lofo_background_event,10.0,0.1913641840100208
L29:T6,lofo_other_horizon,10.0,0.17694944005991933
L29:T7,baseline,1.0,0.21190897006276543
L29:T7,rad_all,10.0,0.22475026139215198
L29:T7,lofo_entity_age,10.0,0.23078469970068718
L29:T7,lofo_prep_time,10.0,0.2253837173428676
L29:T7,lofo_tenure,10.0,0.23145251174371023
L29:T7,lofo_background_event,10.0,0.22660748688774557
L29:T7,lofo_other_horizon,10.0,0.21922414170219678
L29:T8,baseline,1.0,0.1740121028382396
L29:T8,rad_all,10.0,0.1655754744854184
L29:T8,lofo_entity_age,10.0,0.16567877665570768
L29:T8,lofo_prep_time,10.0,0.16708689268211735
L29:T8,lofo_tenure,10.0,0.17055253967817446
L29:T8,lofo_background_event,10.0,0.16828671632308498
L29:T8,lofo_other_horizon,10.0,0.16513150081716418
L29:R0,baseline,10.0,0.1855687569009901
L29:R0,rad_all,1.0,0.16748084373605318
L29:R0,lofo_entity_age,1.0,0.16473578483664017
L29:R0,lofo_prep_time,10.0,0.1743707524544884
L29:R0,lofo_tenure,10.0,0.17495932549572524
L29:R0,lofo_background_event,10.0,0.17975872809496354
L29:R0,lofo_other_horizon,10.0,0.1685268485543201
L33:T0,baseline,10.0,0.1943429241760905
L33:T0,rad_all,10.0,0.20214169716696448
L33:T0,lofo_entity_age,10.0,0.21357333447799198
L33:T0,lofo_prep_time,10.0,0.20669602530777512
L33:T0,lofo_tenure,10.0,0.20850028320811062
L33:T0,lofo_background_event,10.0,0.2085134643302519
L33:T0,lofo_other_horizon,10.0,0.17812279579011406
L33:T1,baseline,10.0,0.14430585660473683
L33:T1,rad_all,10.0,0.17032157042027127
L33:T1,lofo_entity_age,10.0,0.1662493108027857
L33:T1,lofo_prep_time,10.0,0.17229875911401926
L33:T1,lofo_tenure,10.0,0.17537215990557148
L33:T1,lofo_background_event,10.0,0.16325966599290961
L33:T1,lofo_other_horizon,10.0,0.16424806481741724
L33:T2,baseline,10.0,0.2727137564297567
L33:T2,rad_all,1000.0,0.29361810329063814
L33:T2,lofo_entity_age,1000.0,0.2782223865869238
L33:T2,lofo_prep_time,1000.0,0.30420470415570866
L33:T2,lofo_tenure,1000.0,0.29982298620563974
L33:T2,lofo_background_event,1000.0,0.2964927349023033
L33:T2,lofo_other_horizon,1000.0,0.2870151591860268
L33:T3,baseline,100.0,0.21235184395434326
L33:T3,rad_all,100.0,0.2230670947029306
L33:T3,lofo_entity_age,100.0,0.23529253540103243
L33:T3,lofo_prep_time,100.0,0.22202470973480934
L33:T3,lofo_tenure,100.0,0.22387924792221325
L33:T3,lofo_background_event,100.0,0.2336714711476748
L33:T3,lofo_other_horizon,100.0,0.205855326431888
L33:T4,baseline,10.0,0.19443468046249052
L33:T4,rad_all,10.0,0.21729249808634418
L33:T4,lofo_entity_age,10.0,0.23039078191047768
L33:T4,lofo_prep_time,10.0,0.2189300629860258
L33:T4,lofo_tenure,10.0,0.22355721954684502
L33:T4,lofo_background_event,10.0,0.22121620429273348
L33:T4,lofo_other_horizon,10.0,0.18816843982504436
L33:T5,baseline,10.0,0.24657855098604298
L33:T5,rad_all,10.0,0.25479012761978087
L33:T5,lofo_entity_age,10.0,0.26264524534075057
L33:T5,lofo_prep_time,10.0,0.26223867065725504
L33:T5,lofo_tenure,10.0,0.2637608057248167
L33:T5,lofo_background_event,10.0,0.26391939845390344
L33:T5,lofo_other_horizon,10.0,0.23548848995739496
L33:T6,baseline,10.0,0.1985348615435319
L33:T6,rad_all,10.0,0.20724697326425254
L33:T6,lofo_entity_age,10.0,0.21842086613153033
L33:T6,lofo_prep_time,10.0,0.20252176320783652
L33:T6,lofo_tenure,10.0,0.2113175865574876
L33:T6,lofo_background_event,10.0,0.21693473559764573
L33:T6,lofo_other_horizon,10.0,0.19564212778778073
L33:T7,baseline,10.0,0.2459464354438433
L33:T7,rad_all,100.0,0.2666890585043889
L33:T7,lofo_entity_age,100.0,0.2746517785870352
L33:T7,lofo_prep_time,100.0,0.2728621496351288
L33:T7,lofo_tenure,100.0,0.27586239723743944
L33:T7,lofo_background_event,100.0,0.27108358291236884
L33:T7,lofo_other_horizon,100.0,0.2591370116635021
L33:T8,baseline,10.0,0.1759883727854062
L33:T8,rad_all,10.0,0.15816264129735214
L33:T8,lofo_entity_age,10.0,0.1592064712637606
L33:T8,lofo_prep_time,10.0,0.15861385634563877
L33:T8,lofo_tenure,10.0,0.16662129900547074
L33:T8,lofo_background_event,10.0,0.16696691232115088
L33:T8,lofo_other_horizon,10.0,0.15502276505487805
L33:R0,baseline,10.0,0.170640760264632
L33:R0,rad_all,10.0,0.1576648854804322
L33:R0,lofo_entity_age,10.0,0.16795626081404896
L33:R0,lofo_prep_time,10.0,0.15829107313970328
L33:R0,lofo_tenure,10.0,0.16290505122790902
L33:R0,lofo_background_event,10.0,0.16721282380374033
L33:R0,lofo_other_horizon,10.0,0.1564017821615039
L37:T0,baseline,10.0,0.185239905526325
L37:T0,rad_all,10.0,0.21187800852180486
L37:T0,lofo_entity_age,10.0,0.22346239172777432
L37:T0,lofo_prep_time,10.0,0.21818560260943992
L37:T0,lofo_tenure,10.0,0.21726404540102512
L37:T0,lofo_background_event,10.0,0.2168893129450642
L37:T0,lofo_other_horizon,10.0,0.1836378848580896
L37:T1,baseline,10.0,0.15756004859025735
L37:T1,rad_all,100.0,0.17943525787766557
L37:T1,lofo_entity_age,100.0,0.1797372704540015
L37:T1,lofo_prep_time,10.0,0.17733448731323467
L37:T1,lofo_tenure,100.0,0.17745152698252784
L37:T1,lofo_background_event,100.0,0.17939907702227076
L37:T1,lofo_other_horizon,100.0,0.17581123037135787
L37:T2,baseline,100.0,0.2981900548679246
L37:T2,rad_all,10000.0,0.3337531682686748
L37:T2,lofo_entity_age,1000.0,0.3315635951694652
L37:T2,lofo_prep_time,1000.0,0.34144030825954724
L37:T2,lofo_tenure,10000.0,0.34317045009589686
L37:T2,lofo_background_event,10000.0,0.3363766635808123
L37:T2,lofo_other_horizon,1000.0,0.3186218349622858
L37:T3,baseline,1000.0,0.2411063544551743
L37:T3,rad_all,100.0,0.2516073951198156
L37:T3,lofo_entity_age,100.0,0.26426455619702044
L37:T3,lofo_prep_time,100.0,0.25334982267950446
L37:T3,lofo_tenure,100.0,0.252526515891159
L37:T3,lofo_background_event,1000.0,0.2656663278573756
L37:T3,lofo_other_horizon,100.0,0.23129421807953254
L37:T4,baseline,10.0,0.1916238331711753
L37:T4,rad_all,10.0,0.21446660629909367
L37:T4,lofo_entity_age,10.0,0.22429717990357836
L37:T4,lofo_prep_time,10.0,0.21413706418203268
L37:T4,lofo_tenure,10.0,0.21951569249362493
L37:T4,lofo_background_event,10.0,0.22056005952691612
L37:T4,lofo_other_horizon,10.0,0.18803190636460784
L37:T5,baseline,100.0,0.2814054905043318
L37:T5,rad_all,100.0,0.2759782360305165
L37:T5,lofo_entity_age,100.0,0.2820775102635213
L37:T5,lofo_prep_time,100.0,0.2864186666030606
L37:T5,lofo_tenure,100.0,0.28204913970525075
L37:T5,lofo_background_event,100.0,0.29008627044590574
L37:T5,lofo_other_horizon,100.0,0.26287149596772325
L37:T6,baseline,100.0,0.2164918470202525
L37:T6,rad_all,100.0,0.2101360027195302
L37:T6,lofo_entity_age,100.0,0.21972746308112107
L37:T6,lofo_prep_time,100.0,0.21540017959591543
L37:T6,lofo_tenure,100.0,0.21530971222324868
L37:T6,lofo_background_event,100.0,0.21498444495297708
L37:T6,lofo_other_horizon,100.0,0.20336622281904224
L37:T7,baseline,100.0,0.25697816120549216
L37:T7,rad_all,100.0,0.268039557573496
L37:T7,lofo_entity_age,100.0,0.2689855180134784
L37:T7,lofo_prep_time,100.0,0.27552485146216027
L37:T7,lofo_tenure,100.0,0.27618419670980604
L37:T7,lofo_background_event,100.0,0.27435854877083704
L37:T7,lofo_other_horizon,100.0,0.2546504869260303
L37:T8,baseline,1.0,0.1781914826981934
L37:T8,rad_all,100.0,0.166070713642646
L37:T8,lofo_entity_age,100.0,0.16907387771094776
L37:T8,lofo_prep_time,100.0,0.17312755883596742
L37:T8,lofo_tenure,100.0,0.1727647134033923
L37:T8,lofo_background_event,100.0,0.17377546326409998
L37:T8,lofo_other_horizon,10.0,0.15108804931795017
L37:R0,baseline,10.0,0.160589748738772
L37:R0,rad_all,10.0,0.17158302069534412
L37:R0,lofo_entity_age,10.0,0.1787078562748865
L37:R0,lofo_prep_time,10.0,0.16950111230298454
L37:R0,lofo_tenure,10.0,0.17525954669794439
L37:R0,lofo_background_event,10.0,0.18699195406945862
L37:R0,lofo_other_horizon,10.0,0.1678073746995243
