cell,decoder,tier,family,n,rmse,bias,within2x,rho,pull,pull_lo,pull_hi,shift,rho_paired,rho_resid_unpaired,within2x_twin
text:regex_first,baseline,clean,-,432,1.5604276127340524,0.04457770713390552,0.22453703703703703,0.1538803300418066,,,,,,,
text:regex_first,rad_all,clean,-,432,1.5604276127340524,0.04457770713390552,0.22453703703703703,0.1538803300418066,,,,,,,
text:regex_first,lofo_entity_age,clean,-,432,1.5604276127340524,0.04457770713390552,0.22453703703703703,0.1538803300418066,,,,,,,
text:regex_first,lofo_prep_time,clean,-,432,1.5604276127340524,0.04457770713390552,0.22453703703703703,0.1538803300418066,,,,,,,
text:regex_first,lofo_tenure,clean,-,432,1.5604276127340524,0.04457770713390552,0.22453703703703703,0.1538803300418066,,,,,,,
text:regex_first,lofo_background_event,clean,-,432,1.5604276127340524,0.04457770713390552,0.22453703703703703,0.1538803300418066,,,,,,,
text:regex_first,lofo_other_horizon,clean,-,432,1.5604276127340524,0.04457770713390552,0.22453703703703703,0.1538803300418066,,,,,,,
text:regex_first,rad_all,A,entity_age,144,,,0.06944444444444445,,0.3203465632829847,,,0.05030007976008109,0.5087726411108858,0.8945456013013826,0.125
text:regex_first,baseline,pre-A,entity_age,144,,,0.06944444444444445,,0.3203465632829847,,,0.05030007976008109,0.5087726411108858,0.8945456013013826,0.125
text:regex_first,rad_all,B,entity_age,144,,,0.05555555555555555,,0.3574015930486903,,,-0.1057033969115782,0.49803280953370116,0.9138353332880053,0.125
text:regex_first,baseline,pre-B,entity_age,144,,,0.05555555555555555,,0.3574015930486903,,,-0.1057033969115782,0.49803280953370116,0.9138353332880053,0.125
text:regex_first,lofo_entity_age,C,entity_age,288,,,0.0625,,0.34016440462894754,,,-0.027701658575748554,0.5029786936676295,0.8995583850565979,0.125
text:regex_first,baseline,pre-C,entity_age,288,,,0.0625,,0.34016440462894754,,,-0.027701658575748554,0.5029786936676295,0.8995583850565979,0.125
text:regex_first,rad_all,A,prep_time,144,,,0.04861111111111111,,0.2353417061274037,,,-1.4504443020861015,0.2027879915834705,0.7151602935841034,0.125
text:regex_first,baseline,pre-A,prep_time,144,,,0.04861111111111111,,0.2353417061274037,,,-1.4504443020861015,0.2027879915834705,0.7151602935841034,0.125
text:regex_first,rad_all,B,prep_time,144,,,0.034722222222222224,,0.32114833158281714,,,-1.609694212375349,0.32400819149252,0.7977711839600564,0.125
text:regex_first,baseline,pre-B,prep_time,144,,,0.034722222222222224,,0.32114833158281714,,,-1.609694212375349,0.32400819149252,0.7977711839600564,0.125
text:regex_first,lofo_prep_time,C,prep_time,288,,,0.041666666666666664,,0.28041127765534324,,,-1.5300692572307253,0.272703934681477,0.7609194119276965,0.125
text:regex_first,baseline,pre-C,prep_time,288,,,0.041666666666666664,,0.28041127765534324,,,-1.5300692572307253,0.272703934681477,0.7609194119276965,0.125
text:regex_first,rad_all,A,tenure,144,,,0.0763888888888889,,0.35435963247787516,,,-0.2907340237366789,0.5290081014064028,0.8723347813024894,0.125
text:regex_first,baseline,pre-A,tenure,144,,,0.0763888888888889,,0.35435963247787516,,,-0.2907340237366789,0.5290081014064028,0.8723347813024894,0.125
text:regex_first,rad_all,B,tenure,144,,,0.14583333333333334,,0.3019001965946642,,,-0.012082313617246642,0.4334975826362405,0.9046454479758634,0.125
text:regex_first,baseline,pre-B,tenure,144,,,0.14583333333333334,,0.3019001965946642,,,-0.012082313617246642,0.4334975826362405,0.9046454479758634,0.125
text:regex_first,lofo_tenure,C,tenure,288,,,0.1111111111111111,,0.33303380825484724,,,-0.15140816867696275,0.48762647698821604,0.8894837070207153,0.125
text:regex_first,baseline,pre-C,tenure,288,,,0.1111111111111111,,0.33303380825484724,,,-0.15140816867696275,0.48762647698821604,0.8894837070207153,0.125
text:regex_first,rad_all,A,background_event,144,,,0.0763888888888889,,0.32467613327802153,,,-0.0961467266024596,0.4939124734383758,0.9069004090481891,0.125
text:regex_first,baseline,pre-A,background_event,144,,,0.0763888888888889,,0.32467613327802153,,,-0.0961467266024596,0.4939124734383758,0.9069004090481891,0.125
text:regex_first,rad_all,B,background_event,144,,,0.09722222222222222,,0.33476740691667506,,,-0.00483312066556316,0.5533245277736991,0.9227043333416372,0.125
text:regex_first,baseline,pre-B,background_event,144,,,0.09722222222222222,,0.33476740691667506,,,-0.00483312066556316,0.5533245277736991,0.9227043333416372,0.125
text:regex_first,lofo_background_event,C,background_event,288,,,0.08680555555555555,,0.32955679326187626,,,-0.05048992363401138,0.5230409180057121,0.9135806860457815,0.125
text:regex_first,baseline,pre-C,background_event,288,,,0.08680555555555555,,0.32955679326187626,,,-0.05048992363401138,0.5230409180057121,0.9135806860457815,0.125
text:regex_first,rad_all,A,other_horizon,144,,,0.09722222222222222,,0.3505939270953397,,,-0.007043052409264863,0.5375010657282493,0.9007295933086958,0.125
text:regex_first,baseline,pre-A,other_horizon,144,,,0.09722222222222222,,0.3505939270953397,,,-0.007043052409264863,0.5375010657282493,0.9007295933086958,0.125
text:regex_first,rad_all,B,other_horizon,144,,,0.09027777777777778,,0.3726665308614766,,,0.045846742508541864,0.524275361950243,0.9066506258197191,0.125
text:regex_first,baseline,pre-B,other_horizon,144,,,0.09027777777777778,,0.3726665308614766,,,0.045846742508541864,0.524275361950243,0.9066506258197191,0.125
text:regex_first,lofo_other_horizon,C,other_horizon,288,,,0.09375,,0.3617504700408363,,,0.019401845049638503,0.5275910975282964,0.9026149537309747,0.125
text:regex_first,baseline,pre-C,other_horizon,288,,,0.09375,,0.3617504700408363,,,0.019401845049638503,0.5275910975282964,0.9026149537309747,0.125
text:regex_horizon,baseline,clean,-,432,0.0,0.0,1.0,0.9999999999999999,,,,,,,
text:regex_horizon,rad_all,clean,-,432,0.0,0.0,1.0,0.9999999999999999,,,,,,,
text:regex_horizon,lofo_entity_age,clean,-,432,0.0,0.0,1.0,0.9999999999999999,,,,,,,
text:regex_horizon,lofo_prep_time,clean,-,432,0.0,0.0,1.0,0.9999999999999999,,,,,,,
text:regex_horizon,lofo_tenure,clean,-,432,0.0,0.0,1.0,0.9999999999999999,,,,,,,
text:regex_horizon,lofo_background_event,clean,-,432,0.0,0.0,1.0,0.9999999999999999,,,,,,,
text:regex_horizon,lofo_other_horizon,clean,-,432,0.0,0.0,1.0,0.9999999999999999,,,,,,,
text:regex_horizon,rad_all,A,entity_age,144,,,1.0,,0.0,,,0.0,,,1.0
text:regex_horizon,baseline,pre-A,entity_age,144,,,1.0,,0.0,,,0.0,,,1.0
text:regex_horizon,rad_all,B,entity_age,144,,,1.0,,0.0,,,0.0,,,1.0
text:regex_horizon,baseline,pre-B,entity_age,144,,,1.0,,0.0,,,0.0,,,1.0
text:regex_horizon,lofo_entity_age,C,entity_age,288,,,1.0,,0.0,,,0.0,,,1.0
text:regex_horizon,baseline,pre-C,entity_age,288,,,1.0,,0.0,,,0.0,,,1.0
text:regex_horizon,rad_all,A,prep_time,144,,,1.0,,0.0,,,0.0,,,1.0
text:regex_horizon,baseline,pre-A,prep_time,144,,,1.0,,0.0,,,0.0,,,1.0
text:regex_horizon,rad_all,B,prep_time,144,,,1.0,,0.0,,,0.0,,,1.0
text:regex_horizon,baseline,pre-B,prep_time,144,,,1.0,,0.0,,,0.0,,,1.0
text:regex_horizon,lofo_prep_time,C,prep_time,288,,,1.0,,0.0,,,0.0,,,1.0
text:regex_horizon,baseline,pre-C,prep_time,288,,,1.0,,0.0,,,0.0,,,1.0
text:regex_horizon,rad_all,A,tenure,144,,,1.0,,0.0,,,0.0,,,1.0
text:regex_horizon,baseline,pre-A,tenure,144,,,1.0,,0.0,,,0.0,,,1.0
text:regex_horizon,rad_all,B,tenure,144,,,1.0,,0.0,,,0.0,,,1.0
text:regex_horizon,baseline,pre-B,tenure,144,,,1.0,,0.0,,,0.0,,,1.0
text:regex_horizon,lofo_tenure,C,tenure,288,,,1.0,,0.0,,,0.0,,,1.0
text:regex_horizon,baseline,pre-C,tenure,288,,,1.0,,0.0,,,0.0,,,1.0
text:regex_horizon,rad_all,A,background_event,144,,,1.0,,0.0,,,0.0,,,1.0
text:regex_horizon,baseline,pre-A,background_event,144,,,1.0,,0.0,,,0.0,,,1.0
text:regex_horizon,rad_all,B,background_event,144,,,1.0,,0.0,,,0.0,,,1.0
text:regex_horizon,baseline,pre-B,background_event,144,,,1.0,,0.0,,,0.0,,,1.0
text:regex_horizon,lofo_background_event,C,background_event,288,,,1.0,,0.0,,,0.0,,,1.0
text:regex_horizon,baseline,pre-C,background_event,288,,,1.0,,0.0,,,0.0,,,1.0
text:regex_horizon,rad_all,A,other_horizon,144,,,0.3541666666666667,,0.6714193715645346,,,0.024952686030303785,0.8064135813951607,0.8064135813951607,1.0
text:regex_horizon,baseline,pre-A,other_horizon,144,,,0.3541666666666667,,0.6714193715645346,,,0.024952686030303785,0.8064135813951607,0.8064135813951607,1.0
text:regex_horizon,rad_all,B,other_horizon,144,,,1.0,,0.0,,,0.0,,,1.0
text:regex_horizon,baseline,pre-B,other_horizon,144,,,1.0,,0.0,,,0.0,,,1.0
text:regex_horizon,lofo_other_horizon,C,other_horizon,288,,,0.6770833333333334,,0.32429595008761236,,,0.012476343015151893,0.5331068140654478,0.5331068140654478,1.0
text:regex_horizon,baseline,pre-C,other_horizon,288,,,0.6770833333333334,,0.32429595008761236,,,0.012476343015151893,0.5331068140654478,0.5331068140654478,1.0
text:tfidf_ridge,baseline,clean,-,432,0.5792671649238474,0.04258730237279157,0.45601851851851855,0.9205237382687713,,,,,,,
text:tfidf_ridge,rad_all,clean,-,432,0.5790774473049808,0.04232212295834303,0.48842592592592593,0.9151789056913711,,,,,,,
text:tfidf_ridge,lofo_entity_age,clean,-,432,0.5807568408313196,0.04191082858348122,0.5,0.9153724811167094,,,,,,,
text:tfidf_ridge,lofo_prep_time,clean,-,432,0.5813928094708126,0.045057971480206654,0.5,0.9132216430573935,,,,,,,
text:tfidf_ridge,lofo_tenure,clean,-,432,0.5755098037746208,0.041351145392470194,0.4976851851851852,0.9168081655213028,,,,,,,
text:tfidf_ridge,lofo_background_event,clean,-,432,0.5805896022504702,0.04095044319218548,0.49537037037037035,0.9151305118350365,,,,,,,
text:tfidf_ridge,lofo_other_horizon,clean,-,432,0.5464944439582629,0.04134520540403811,0.5023148148148148,0.9287668251310996,,,,,,,
text:tfidf_ridge,rad_all,A,entity_age,144,,,0.5902777777777778,,0.1280222556486336,,,-0.034172509439175484,0.8363822868215376,0.6208401267281027,0.5763888888888888
text:tfidf_ridge,baseline,pre-A,entity_age,144,,,0.3611111111111111,,0.1580269695402139,,,0.1249817626239138,0.8112953604740253,0.8024741363321226,0.5277777777777778
text:tfidf_ridge,rad_all,B,entity_age,144,,,0.5694444444444444,,0.13990683419411876,,,0.037771337341063596,0.8410357887100023,0.687251169270732,0.5763888888888888
text:tfidf_ridge,baseline,pre-B,entity_age,144,,,0.2986111111111111,,0.19755051598135703,,,0.1327101515184549,0.7900086223922902,0.8649225633595151,0.5277777777777778
text:tfidf_ridge,lofo_entity_age,C,entity_age,288,,,0.5486111111111112,,0.13008321932243977,,,0.04370558899460524,0.864951635702447,0.6071459746311725,0.5972222222222222
text:tfidf_ridge,baseline,pre-C,entity_age,288,,,0.3298611111111111,,0.17791120893768989,,,0.12884595707118432,0.7985291658256395,0.8357585084698471,0.5277777777777778
text:tfidf_ridge,rad_all,A,prep_time,144,,,0.6180555555555556,,0.11518367651732749,,,-0.04677853466624327,0.7550174351543543,0.6305779332920421,0.5763888888888888
text:tfidf_ridge,baseline,pre-A,prep_time,144,,,0.4930555555555556,,0.010229572595911358,,,-0.25055970310271025,-0.010938797211550047,0.5595648315129378,0.5277777777777778
text:tfidf_ridge,rad_all,B,prep_time,144,,,0.6597222222222222,,0.061223813658410654,,,-0.1763120459295348,0.6163269435845632,0.2890386066143467,0.5763888888888888
text:tfidf_ridge,baseline,pre-B,prep_time,144,,,0.4027777777777778,,0.003531885997156731,,,-0.2270570793141571,0.05140434483199341,0.4596941872347317,0.5277777777777778
text:tfidf_ridge,lofo_prep_time,C,prep_time,288,,,0.625,,0.02797736439739489,,,-0.15500500877258583,0.22611086083675855,0.20052091307571904,0.6041666666666666
text:tfidf_ridge,baseline,pre-C,prep_time,288,,,0.4479166666666667,,0.006607471862910402,,,-0.23880839120843367,0.019798199780915512,0.5087834727063625,0.5277777777777778
text:tfidf_ridge,rad_all,A,tenure,144,,,0.6111111111111112,,0.11843449367337855,,,-0.04585833487311965,0.845365575298504,0.6121381408187413,0.5763888888888888
text:tfidf_ridge,baseline,pre-A,tenure,144,,,0.3888888888888889,,0.15564980836105788,,,-0.02280006215177937,0.7752884012860334,0.8216921742776109,0.5277777777777778
text:tfidf_ridge,rad_all,B,tenure,144,,,0.6458333333333334,,0.10790415950184883,,,-0.03155379559439305,0.8361246937058251,0.5034636836900163,0.5763888888888888
text:tfidf_ridge,baseline,pre-B,tenure,144,,,0.3333333333333333,,0.16466716879585977,,,0.0544732489267398,0.7834958108480802,0.7994147213366738,0.5277777777777778
text:tfidf_ridge,lofo_tenure,C,tenure,288,,,0.5659722222222222,,0.11666657101374442,,,-0.0043307034772491985,0.825879645737768,0.5640668067062234,0.6041666666666666
text:tfidf_ridge,baseline,pre-C,tenure,288,,,0.3611111111111111,,0.16047215974793688,,,0.015836593387480214,0.7784821266095059,0.8133100156361116,0.5277777777777778
text:tfidf_ridge,rad_all,A,background_event,144,,,0.5694444444444444,,0.11855631593628652,,,-0.03215299943796953,0.7712464361391359,0.6476969961053186,0.5763888888888888
text:tfidf_ridge,baseline,pre-A,background_event,144,,,0.3263888888888889,,0.13725175926639546,,,0.07619106909683993,0.7714092286146986,0.7934545454597216,0.5277777777777778
text:tfidf_ridge,rad_all,B,background_event,144,,,0.6666666666666666,,0.07794397197536564,,,-0.051437913568898215,0.8205185488622259,0.417706475349166,0.5763888888888888
text:tfidf_ridge,baseline,pre-B,background_event,144,,,0.375,,0.13884176259277756,,,0.03102384863365545,0.8578741347383164,0.8386727968430042,0.5277777777777778
text:tfidf_ridge,lofo_background_event,C,background_event,288,,,0.6006944444444444,,0.08836213811827251,,,-0.03611402847121338,0.7938601332505445,0.5259940909494437,0.5902777777777778
text:tfidf_ridge,baseline,pre-C,background_event,288,,,0.3506944444444444,,0.13833686451146385,,,0.05360745886524768,0.8105019926696724,0.8194577325204356,0.5277777777777778
text:tfidf_ridge,rad_all,A,other_horizon,144,,,0.4097222222222222,,0.2505595091901077,,,-0.02500565008241009,0.9408469945112474,0.8293099192476137,0.5763888888888888
text:tfidf_ridge,baseline,pre-A,other_horizon,144,,,0.2222222222222222,,0.33924162542887404,,,0.12452121636169838,0.8048729353001836,0.8851075987716288,0.5277777777777778
text:tfidf_ridge,rad_all,B,other_horizon,144,,,0.5208333333333334,,0.1531468673868481,,,0.09281197729821472,0.8522851622823302,0.6120903968211535,0.5763888888888888
text:tfidf_ridge,baseline,pre-B,other_horizon,144,,,0.2847222222222222,,0.24459780792966307,,,0.15604126790574466,0.7792587926826989,0.8677075561886785,0.5277777777777778
text:tfidf_ridge,lofo_other_horizon,C,other_horizon,288,,,0.3541666666666667,,0.2943240555068459,,,0.13458272303509547,0.8233216501580926,0.7713398580691283,0.6041666666666666
text:tfidf_ridge,baseline,pre-C,other_horizon,288,,,0.2534722222222222,,0.2901404697633462,,,0.1402812421337215,0.7882901336573872,0.8749450225617963,0.5277777777777778
