layer,pos,r2,rho,mae_dec,within2x,n
0,P0,-0.573236016406107,,0.5243956779407546,0.2631578947368421,912
0,P1,-0.573236016406107,,0.5243956779407546,0.2631578947368421,912
0,P2,-0.573236016406107,,0.5243956779407546,0.2631578947368421,912
0,P3,-0.573236016406107,,0.5243956779407546,0.2631578947368421,912
0,P4,-0.573236016406107,,0.5243956779407546,0.2631578947368421,912
0,P5,-0.573236016406107,,0.5243956779407546,0.2631578947368421,912
0,P6,-0.573236016406107,,0.5243956779407546,0.2631578947368421,912
0,P7,-0.573236016406107,,0.5243956779407546,0.2631578947368421,912
0,P8,-0.573236016406107,,0.5243956779407546,0.2631578947368421,912
0,U,-0.573236016406107,,0.5243956779407546,0.2631578947368421,912
0,H,-0.573236016406107,,0.5243956779407546,0.2631578947368421,912
4,P0,0.1413922354334447,0.6342065081811838,0.3661467605186579,0.5120614035087719,912
4,P1,0.32082084379028797,0.7294487156852033,0.32765207813529923,0.5548245614035088,912
4,P2,0.04517787943786833,0.6474224683706077,0.3973863771227796,0.4243421052631579,912
4,P3,0.2314278082122242,0.6884449875853499,0.3487532871789984,0.5285087719298246,912
4,P4,0.2930860779552116,0.713741074398748,0.3399552824630666,0.5142543859649122,912
4,P5,-0.09879669937371438,0.6272755378536464,0.4156938239875301,0.4506578947368421,912
4,P6,0.25707887788610595,0.6953736037978253,0.3422201511329339,0.5493421052631579,912
4,P7,0.39891881761979286,0.7478475540869169,0.30868703812689025,0.5657894736842105,912
4,P8,0.18413321669731852,0.6509262934703995,0.36338021704528084,0.5054824561403509,912
4,U,0.37081029592930104,0.7794941045576695,0.3085437831111129,0.6052631578947368,912
4,H,0.5081953689178016,0.8087360622944935,0.2675276178835603,0.6546052631578947,912
8,P0,0.4233969416036596,0.733146912376608,0.3048078832356792,0.5877192982456141,912
8,P1,0.5224624864892311,0.7808222997992175,0.2726303017602021,0.6425438596491229,912
8,P2,0.3944519758347378,0.7031131755407852,0.3141966944058593,0.5328947368421053,912
8,P3,0.4928860115772178,0.7615332363175744,0.2780947104682184,0.6271929824561403,912
8,P4,0.49384732246134067,0.7790764488992857,0.2776818272918171,0.6381578947368421,912
8,P5,0.27042855438940727,0.707228006981106,0.33198085177561176,0.5515350877192983,912
8,P6,0.5143977338889681,0.7866549230808204,0.28126529093964087,0.6041666666666666,912
8,P7,0.5150166633215986,0.7708223400224071,0.2788717986631601,0.6107456140350878,912
8,P8,0.5254173677541565,0.7792407196133136,0.2737416604138194,0.6228070175438597,912
8,U,0.5097583112169228,0.7959716950273972,0.2760113987835132,0.6282894736842105,912
8,H,0.6657623770880026,0.8320744913968449,0.2208329110899238,0.7291666666666666,912
12,P0,0.25807331119337595,0.6491215329038427,0.3361779117328548,0.5723684210526315,912
12,P1,0.47785961288537604,0.7355640750583566,0.2825474786777616,0.6282894736842105,912
12,P2,0.4275140180589605,0.7858114205607462,0.3024305363844014,0.5921052631578947,912
12,P3,0.42927334300870923,0.6956599701412725,0.3003843231456722,0.6096491228070176,912
12,P4,0.5078997539214867,0.7320641980068968,0.2781003548677805,0.6293859649122807,912
12,P5,0.15676784290578005,0.6435995771587567,0.36159719284596253,0.5032894736842105,912
12,P6,0.4272035007558289,0.7493401795595973,0.30706011826463164,0.5548245614035088,912
12,P7,0.5050582683684972,0.7648650062686475,0.280543158563132,0.6019736842105263,912
12,P8,0.5130628899677132,0.7757041935071364,0.2710413087468072,0.6600877192982456,912
12,U,0.47190890697098187,0.7582628644999537,0.2852186682113271,0.6118421052631579,912
12,H,0.6035860019308635,0.7961955453798883,0.2342764915452584,0.7203947368421053,912
16,P0,0.2432618558886307,0.7560898906014969,0.3537687867640278,0.4923245614035088,912
16,P1,-0.21368889373071154,0.7653984952723326,0.47700229285030105,0.3267543859649123,912
16,P2,0.34158148779578357,0.8033469444180292,0.3194841012467177,0.5668859649122807,912
16,P3,-0.5074219381863296,0.7259937426986092,0.535665018046855,0.2532894736842105,912
16,P4,-0.08004134948347907,0.8037339089855421,0.44313622926975516,0.33881578947368424,912
16,P5,0.002937208587348805,0.6859174310915571,0.40384926383544106,0.44846491228070173,912
16,P6,0.33022466073356094,0.7578253968172135,0.32552993249959994,0.5526315789473685,912
16,P7,0.4970681437526113,0.7818988089535708,0.2846625709905162,0.5964912280701754,912
16,P8,0.3910747840981219,0.758037474807406,0.307338601205563,0.5997807017543859,912
16,U,0.239182987738508,0.8152559196255578,0.358467879505317,0.49122807017543857,912
16,H,0.6526765532843415,0.8517141016910846,0.22962311755217418,0.7412280701754386,912
20,P0,0.1286927771955938,0.7481351873535702,0.3852866025898193,0.4440789473684211,912
20,P1,-0.5432298222966319,0.7787221295071719,0.5542177543651146,0.19407894736842105,912
20,P2,0.2090932897946568,0.8315647784175585,0.36850000816346073,0.47149122807017546,912
20,P3,-0.014611090526472248,0.8164905556247891,0.4365282792261433,0.34210526315789475,912
20,P4,0.2565368092095016,0.8147305396059938,0.3564568717981248,0.4692982456140351,912
20,P5,-0.3312145968372515,0.7702676352438476,0.5030065686538814,0.27960526315789475,912
20,P6,0.15626067697113333,0.7852995541005515,0.3805200913452476,0.4407894736842105,912
20,P7,0.28300767346340705,0.8081695612260695,0.34704899866737493,0.5098684210526315,912
20,P8,0.2705858798850289,0.8198137515315052,0.3517838893373647,0.4824561403508772,912
20,U,0.29569043839949993,0.8119266037772577,0.3388260885413325,0.5296052631578947,912
20,H,0.63062332432934,0.8999297735460231,0.2405354394163944,0.6798245614035088,912
24,P0,0.046427979720566226,0.7773315551019798,0.41558774557416334,0.3782894736842105,912
24,P1,-0.19336059043754839,0.790809115366632,0.4651010038465387,0.3256578947368421,912
24,P2,0.279838278418714,0.8268423543027411,0.3465080969035047,0.5285087719298246,912
24,P3,-0.2172683937275437,0.8333525823159263,0.48452662451108314,0.28289473684210525,912
24,P4,0.05808452315139001,0.815106888310214,0.4055824119617328,0.4166666666666667,912
24,P5,0.13705093853622208,0.8017479290126233,0.3839641662298441,0.4440789473684211,912
24,P6,-0.2119389304526591,0.8183731286348329,0.480200166249629,0.2905701754385965,912
24,P7,-0.13215898596586895,0.8296358178335786,0.45720373879033804,0.3355263157894737,912
24,P8,-0.2583997984363027,0.8208821891203799,0.48230711856438646,0.3157894736842105,912
24,U,-0.11224540864739918,0.7698419080199853,0.45616671413411397,0.33881578947368424,912
24,H,0.5652018055303891,0.9060663008389197,0.2646699862136562,0.6732456140350878,912
28,P0,-0.33309027719717377,0.7967234273573567,0.5074232149920626,0.24342105263157895,912
28,P1,-0.27204836331321025,0.8102566048981001,0.48657017015845233,0.26535087719298245,912
28,P2,0.17466383191605805,0.825103434420992,0.3731970636542745,0.4758771929824561,912
28,P3,-0.01487131075754533,0.8308428598343964,0.4361772942085962,0.3355263157894737,912
28,P4,-0.15445300378581095,0.7709286581724358,0.44028330985422054,0.41118421052631576,912
28,P5,-0.00894649090584454,0.810005770589743,0.42854524409576106,0.3782894736842105,912
28,P6,-0.0662849718643006,0.8460165050083692,0.4584416233025773,0.2916666666666667,912
28,P7,-0.22350669128821776,0.7996684640407183,0.48305119248750367,0.2730263157894737,912
28,P8,0.03668165545054125,0.8355266887858238,0.4125605548926495,0.3892543859649123,912
28,U,-0.061582689162756665,0.8061934473860529,0.45259656716415647,0.3201754385964912,912
28,H,0.7585644922145443,0.9137509655567997,0.17580468305947172,0.8289473684210527,912
32,P0,-1.0071822602250644,0.7422881197981711,0.6397728375309039,0.14144736842105263,912
32,P1,-0.47493165600290954,0.8027366957837458,0.5293576071211019,0.24232456140350878,912
32,P2,0.004356221233325797,0.8000659647129713,0.40862547371356006,0.4342105263157895,912
32,P3,-0.09127908426550713,0.7975478755593199,0.4367981192397018,0.38596491228070173,912
32,P4,-0.11238804636241717,0.7692157395786907,0.4224146458628192,0.4342105263157895,912
32,P5,-0.2745207419993161,0.7775431784684249,0.4917186829799912,0.2916666666666667,912
32,P6,-0.17605584459452972,0.813834197045114,0.47632140858307376,0.29714912280701755,912
32,P7,-0.3191557001827028,0.8152793422516935,0.5028714641186157,0.2631578947368421,912
32,P8,0.08611783362232595,0.8559696830484014,0.4125873342646439,0.3618421052631579,912
32,U,0.06801807807010252,0.8073294723720278,0.41499716559716265,0.39473684210526316,912
32,H,0.8044137060087898,0.9298696744452302,0.15665458890490083,0.8432017543859649,912
36,P0,-0.47015352351813533,0.7487297793840647,0.5276025768554249,0.2576754385964912,912
36,P1,-0.42381587824625333,0.7938772513993968,0.5146823287125467,0.25877192982456143,912
36,P2,0.017978319166834456,0.7922902077526699,0.39782973422301954,0.44627192982456143,912
36,P3,-0.39325367441518,0.8039450458248188,0.5198626059299468,0.24232456140350878,912
36,P4,-0.024869198639758228,0.7401717345924715,0.39994337953626163,0.4780701754385965,912
36,P5,-0.25443344039117566,0.7838391063278416,0.48668809842055916,0.2774122807017544,912
36,P6,-0.10945867369402063,0.800819403875947,0.45006499399743105,0.3541666666666667,912
36,P7,-0.3121554918797995,0.7863498226912443,0.49714181985684586,0.28728070175438597,912
36,P8,0.25984038269547194,0.8500368750494309,0.3598342392690532,0.47039473684210525,912
36,U,0.004237633893046655,0.8285924483576478,0.43449090189182177,0.34539473684210525,912
36,H,0.8096977582129237,0.9410259896629608,0.1582996111441552,0.8629385964912281,912
40,P0,-0.6157010464286796,0.7626069379708916,0.5626051822355034,0.21600877192982457,912
40,P1,-0.5427806597435891,0.7548670962866276,0.5321753346131316,0.26535087719298245,912
40,P2,-0.19464939478452026,0.7622377675363657,0.4413061487511737,0.4298245614035088,912
40,P3,-0.5450907465760058,0.7735831424261355,0.5432667445780559,0.24890350877192982,912
40,P4,-0.010491289463637976,0.7782343262021638,0.40201560118726326,0.4550438596491228,912
40,P5,-0.409377513953614,0.7932837520610668,0.5153219314153596,0.26206140350877194,912
40,P6,0.04092384036620489,0.8062641294149768,0.412026882409176,0.3991228070175439,912
40,P7,-0.1634450644262242,0.7984143166389953,0.4578508379982825,0.33223684210526316,912
40,P8,0.3257675165642876,0.8434953019252471,0.34420845915344606,0.5076754385964912,912
40,U,0.22924449967594407,0.8262611011699729,0.3723893289901013,0.44627192982456143,912
40,H,0.82750570660531,0.9420017398383708,0.1499474488162861,0.8793859649122807,912
