step,layer,pos,n,r2_target_only,r2_target_plus_act,delta_r2,within2x_target_only,within2x_target_plus_act
1,0,P0,9,0.9551464294652746,0.9469891394564458,-0.00815729000882881,0.8888888888888888,0.8888888888888888
1,0,P4,9,0.9551464294652746,0.9469891394564458,-0.00815729000882881,0.8888888888888888,0.8888888888888888
1,0,P8,9,0.9551464294652746,0.9469891394564458,-0.00815729000882881,0.8888888888888888,0.8888888888888888
1,0,U,9,0.9551464294652746,0.9469891394564458,-0.00815729000882881,0.8888888888888888,0.8888888888888888
1,4,P0,9,0.9551464294652746,0.9207994590906424,-0.03434697037463219,0.8888888888888888,0.8888888888888888
1,4,P4,9,0.9551464294652746,0.9469891363024104,-0.008157293162864176,0.8888888888888888,0.8888888888888888
1,4,P8,9,0.9551464294652746,0.9243483040430458,-0.030798125422228817,0.8888888888888888,0.7777777777777778
1,4,U,9,0.9551464294652746,0.917212775590441,-0.037933653874833606,0.8888888888888888,0.8888888888888888
1,8,P0,9,0.9551464294652746,0.9094882833732602,-0.04565814609201446,0.8888888888888888,0.8888888888888888
1,8,P4,9,0.9551464294652746,0.9469891520230448,-0.008157277442229827,0.8888888888888888,0.8888888888888888
1,8,P8,9,0.9551464294652746,0.9158645071104726,-0.03928192235480199,0.8888888888888888,0.7777777777777778
1,8,U,9,0.9551464294652746,0.9192996885735935,-0.03584674089168116,0.8888888888888888,0.7777777777777778
1,12,P0,9,0.9551464294652746,0.9112571535302283,-0.043889275935046324,0.8888888888888888,0.8888888888888888
1,12,P4,9,0.9551464294652746,0.9280493347615222,-0.027097094703752433,0.8888888888888888,0.7777777777777778
1,12,P8,9,0.9551464294652746,0.9469891468172874,-0.008157282647987207,0.8888888888888888,0.8888888888888888
1,12,U,9,0.9551464294652746,0.9216452712907481,-0.03350115817452648,0.8888888888888888,0.7777777777777778
1,14,P0,9,0.9551464294652746,0.9217921251179348,-0.03335430434733977,0.8888888888888888,0.7777777777777778
1,14,P4,9,0.9551464294652746,0.9326456934291757,-0.022500736036098923,0.8888888888888888,0.7777777777777778
1,14,P8,9,0.9551464294652746,0.9469891296399727,-0.008157299825301889,0.8888888888888888,0.8888888888888888
1,14,U,9,0.9551464294652746,0.9162972721942391,-0.03884915727103555,0.8888888888888888,0.7777777777777778
1,16,P0,9,0.9551464294652746,0.9192500661945309,-0.03589636327074375,0.8888888888888888,0.7777777777777778
1,16,P4,9,0.9551464294652746,0.9260939705579456,-0.029052458907328993,0.8888888888888888,0.7777777777777778
1,16,P8,9,0.9551464294652746,0.9469891501467891,-0.008157279318485533,0.8888888888888888,0.8888888888888888
1,16,U,9,0.9551464294652746,0.9141741723844299,-0.04097225708084473,0.8888888888888888,0.7777777777777778
1,20,P0,9,0.9551464294652746,0.9178815622541956,-0.03726486721107902,0.8888888888888888,0.7777777777777778
1,20,P4,9,0.9551464294652746,0.9469890539220395,-0.008157375543235146,0.8888888888888888,0.8888888888888888
1,20,P8,9,0.9551464294652746,0.9469891612574796,-0.008157268207795054,0.8888888888888888,0.8888888888888888
1,20,U,9,0.9551464294652746,0.9176707211430951,-0.0374757083221795,0.8888888888888888,0.7777777777777778
1,22,P0,9,0.9551464294652746,0.9176208456599426,-0.037525583805332,0.8888888888888888,0.7777777777777778
1,22,P4,9,0.9551464294652746,0.9469890397765338,-0.008157389688740802,0.8888888888888888,0.8888888888888888
1,22,P8,9,0.9551464294652746,0.9469892060360943,-0.00815722342918035,0.8888888888888888,0.8888888888888888
1,22,U,9,0.9551464294652746,0.9166369009453356,-0.03850952851993905,0.8888888888888888,0.7777777777777778
1,24,P0,9,0.9551464294652746,0.9171687070077624,-0.037977722457512186,0.8888888888888888,0.7777777777777778
1,24,P4,9,0.9551464294652746,0.8354833247626894,-0.11966310470258523,0.8888888888888888,0.5555555555555556
1,24,P8,9,0.9551464294652746,0.9469893361845639,-0.008157093280710681,0.8888888888888888,0.8888888888888888
1,24,U,9,0.9551464294652746,0.9144242262485198,-0.04072220321675479,0.8888888888888888,0.7777777777777778
1,28,P0,9,0.9551464294652746,0.9197616368609531,-0.03538479260432148,0.8888888888888888,0.7777777777777778
1,28,P4,9,0.9551464294652746,0.946987804201021,-0.008158625264253594,0.8888888888888888,0.8888888888888888
1,28,P8,9,0.9551464294652746,0.9469896916837012,-0.008156737781573442,0.8888888888888888,0.8888888888888888
1,28,U,9,0.9551464294652746,0.9183727447883476,-0.03677368467692699,0.8888888888888888,0.7777777777777778
1,29,P0,9,0.9551464294652746,0.9218515118719789,-0.033294917593295725,0.8888888888888888,0.7777777777777778
1,29,P4,9,0.9551464294652746,0.9469872332229243,-0.008159196242350286,0.8888888888888888,0.8888888888888888
1,29,P8,9,0.9551464294652746,0.9469900813775503,-0.008156348087724363,0.8888888888888888,0.8888888888888888
1,29,U,9,0.9551464294652746,0.9211413801476375,-0.03400504931763715,0.8888888888888888,0.7777777777777778
1,32,P0,9,0.9551464294652746,0.9131580464073551,-0.04198838305791952,0.8888888888888888,0.7777777777777778
1,32,P4,9,0.9551464294652746,0.9469842267346575,-0.008162202730617074,0.8888888888888888,0.8888888888888888
1,32,P8,9,0.9551464294652746,0.9469905135957756,-0.008155915869499042,0.8888888888888888,0.8888888888888888
1,32,U,9,0.9551464294652746,0.9221761725928369,-0.03297025687243771,0.8888888888888888,0.7777777777777778
1,36,P0,9,0.9551464294652746,0.9023227216526991,-0.052823707812575504,0.8888888888888888,0.7777777777777778
1,36,P4,9,0.9551464294652746,0.9469739313579991,-0.008172498107275494,0.8888888888888888,0.8888888888888888
1,36,P8,9,0.9551464294652746,0.9469944426486047,-0.008151986816669954,0.8888888888888888,0.8888888888888888
1,36,U,9,0.9551464294652746,0.9148846335181303,-0.0402617959471443,0.8888888888888888,0.7777777777777778
2,0,P0,9,0.837251633307555,0.6998734047087285,-0.13737822859882654,0.5555555555555556,0.3333333333333333
2,0,P4,9,0.837251633307555,0.6998734047087285,-0.13737822859882654,0.5555555555555556,0.3333333333333333
2,0,P8,9,0.837251633307555,0.6998734047087285,-0.13737822859882654,0.5555555555555556,0.3333333333333333
2,0,U,9,0.837251633307555,0.6998734047087285,-0.13737822859882654,0.5555555555555556,0.3333333333333333
2,4,P0,9,0.837251633307555,0.6016833196201723,-0.23556831368738274,0.5555555555555556,0.3333333333333333
2,4,P4,9,0.837251633307555,0.733031421039128,-0.10422021226842704,0.5555555555555556,0.4444444444444444
2,4,P8,9,0.837251633307555,0.6821910663900803,-0.15506056691747472,0.5555555555555556,0.3333333333333333
2,4,U,9,0.837251633307555,0.6541031317850323,-0.1831485015225227,0.5555555555555556,0.3333333333333333
2,8,P0,9,0.837251633307555,0.6187489676178066,-0.2185026656897484,0.5555555555555556,0.3333333333333333
2,8,P4,9,0.837251633307555,0.5985880790809721,-0.23866355422658292,0.5555555555555556,0.4444444444444444
2,8,P8,9,0.837251633307555,0.7071009019121897,-0.13015073139536537,0.5555555555555556,0.3333333333333333
2,8,U,9,0.837251633307555,0.7288053880171756,-0.10844624529037938,0.5555555555555556,0.6666666666666666
2,12,P0,9,0.837251633307555,0.6205325939075507,-0.21671903940000437,0.5555555555555556,0.3333333333333333
2,12,P4,9,0.837251633307555,0.663245233149981,-0.17400640015757407,0.5555555555555556,0.3333333333333333
2,12,P8,9,0.837251633307555,0.778111585706238,-0.05914004760131708,0.5555555555555556,0.3333333333333333
2,12,U,9,0.837251633307555,0.7502172651789084,-0.08703436812864662,0.5555555555555556,0.5555555555555556
2,14,P0,9,0.837251633307555,0.7024473616325196,-0.1348042716750354,0.5555555555555556,0.3333333333333333
2,14,P4,9,0.837251633307555,0.7355852758292944,-0.10166635747826058,0.5555555555555556,0.3333333333333333
2,14,P8,9,0.837251633307555,0.8095411069650407,-0.027710526342514363,0.5555555555555556,0.5555555555555556
2,14,U,9,0.837251633307555,0.7573392146449185,-0.07991241866263654,0.5555555555555556,0.5555555555555556
2,16,P0,9,0.837251633307555,0.7265008810387034,-0.11075075226885167,0.5555555555555556,0.3333333333333333
2,16,P4,9,0.837251633307555,0.7334114717597211,-0.10384016154783393,0.5555555555555556,0.3333333333333333
2,16,P8,9,0.837251633307555,0.8492161963825346,0.011964563074979617,0.5555555555555556,0.5555555555555556
2,16,U,9,0.837251633307555,0.6879722456941761,-0.1492793876133789,0.5555555555555556,0.5555555555555556
2,20,P0,9,0.837251633307555,0.7124209329935292,-0.12483070031402588,0.5555555555555556,0.3333333333333333
2,20,P4,9,0.837251633307555,0.729864048345197,-0.10738758496235801,0.5555555555555556,0.3333333333333333
2,20,P8,9,0.837251633307555,0.8099786909714974,-0.027272942336057593,0.5555555555555556,0.5555555555555556
2,20,U,9,0.837251633307555,0.7057028913035346,-0.13154874200402045,0.5555555555555556,0.5555555555555556
2,22,P0,9,0.837251633307555,0.7147450410207357,-0.12250659228681937,0.5555555555555556,0.3333333333333333
2,22,P4,9,0.837251633307555,0.7920842681284186,-0.04516736517913644,0.5555555555555556,0.3333333333333333
2,22,P8,9,0.837251633307555,0.8336223102707587,-0.003629323036796306,0.5555555555555556,0.5555555555555556
2,22,U,9,0.837251633307555,0.6642500443648083,-0.17300158894274675,0.5555555555555556,0.3333333333333333
2,24,P0,9,0.837251633307555,0.7160343121240853,-0.12121732118346973,0.5555555555555556,0.3333333333333333
2,24,P4,9,0.837251633307555,0.8290885757522035,-0.008163057555351516,0.5555555555555556,0.2222222222222222
2,24,P8,9,0.837251633307555,0.7861146183645473,-0.05113701494300771,0.5555555555555556,0.5555555555555556
2,24,U,9,0.837251633307555,0.671571123421222,-0.16568050988633298,0.5555555555555556,0.3333333333333333
2,28,P0,9,0.837251633307555,0.7094525893686201,-0.12779904393893493,0.5555555555555556,0.3333333333333333
2,28,P4,9,0.837251633307555,0.8233977310964691,-0.013853902211085956,0.5555555555555556,0.2222222222222222
2,28,P8,9,0.837251633307555,0.773583763176953,-0.06366787013060204,0.5555555555555556,0.4444444444444444
2,28,U,9,0.837251633307555,0.7194414866765029,-0.11781014663105216,0.5555555555555556,0.4444444444444444
2,29,P0,9,0.837251633307555,0.7083227742765081,-0.1289288590310469,0.5555555555555556,0.3333333333333333
2,29,P4,9,0.837251633307555,0.8195618179728954,-0.01768981533465963,0.5555555555555556,0.3333333333333333
2,29,P8,9,0.837251633307555,0.7927809228153494,-0.044470710492205634,0.5555555555555556,0.5555555555555556
2,29,U,9,0.837251633307555,0.7135529669638618,-0.1236986663436932,0.5555555555555556,0.3333333333333333
2,32,P0,9,0.837251633307555,0.7023060171821727,-0.13494561612538236,0.5555555555555556,0.3333333333333333
2,32,P4,9,0.837251633307555,0.7746079253175306,-0.06264370799002439,0.5555555555555556,0.3333333333333333
2,32,P8,9,0.837251633307555,0.8302420095260865,-0.007009623781468521,0.5555555555555556,0.5555555555555556
2,32,U,9,0.837251633307555,0.7050848797300067,-0.13216675357754837,0.5555555555555556,0.4444444444444444
2,36,P0,9,0.837251633307555,0.7169542364378801,-0.12029739686967489,0.5555555555555556,0.3333333333333333
2,36,P4,9,0.837251633307555,0.732966825223956,-0.10428480808359908,0.5555555555555556,0.3333333333333333
2,36,P8,9,0.837251633307555,0.8273040752337143,-0.009947558073840734,0.5555555555555556,0.3333333333333333
2,36,U,9,0.837251633307555,0.7139994722440839,-0.12325216106347114,0.5555555555555556,0.4444444444444444
3,0,P0,9,0.889315283224184,0.8007469050347982,-0.08856837818938579,0.4444444444444444,0.4444444444444444
3,0,P4,9,0.889315283224184,0.8007469050347982,-0.08856837818938579,0.4444444444444444,0.4444444444444444
3,0,P8,9,0.889315283224184,0.8007469050347982,-0.08856837818938579,0.4444444444444444,0.4444444444444444
3,0,U,9,0.889315283224184,0.8007469050347982,-0.08856837818938579,0.4444444444444444,0.4444444444444444
3,4,P0,9,0.889315283224184,0.7429142261326669,-0.14640105709151707,0.4444444444444444,0.4444444444444444
3,4,P4,9,0.889315283224184,0.8089839549945099,-0.08033132822967404,0.4444444444444444,0.5555555555555556
3,4,P8,9,0.889315283224184,0.79073709626931,-0.09857818695487397,0.4444444444444444,0.5555555555555556
3,4,U,9,0.889315283224184,0.7461598515079743,-0.1431554317162097,0.4444444444444444,0.5555555555555556
3,8,P0,9,0.889315283224184,0.7569567423576891,-0.1323585408664949,0.4444444444444444,0.4444444444444444
3,8,P4,9,0.889315283224184,0.7728113232039773,-0.11650396002020669,0.4444444444444444,0.5555555555555556
3,8,P8,9,0.889315283224184,0.8018565753366258,-0.08745870788755816,0.4444444444444444,0.5555555555555556
3,8,U,9,0.889315283224184,0.7712287015377353,-0.1180865816864487,0.4444444444444444,0.6666666666666666
3,12,P0,9,0.889315283224184,0.7458457392374882,-0.14346954398669576,0.4444444444444444,0.4444444444444444
3,12,P4,9,0.889315283224184,0.8016286292652011,-0.0876866539589829,0.4444444444444444,0.4444444444444444
3,12,P8,9,0.889315283224184,0.8615203652077926,-0.027794918016391335,0.4444444444444444,0.5555555555555556
3,12,U,9,0.889315283224184,0.8058894025079701,-0.08342588071621382,0.4444444444444444,0.6666666666666666
3,14,P0,9,0.889315283224184,0.7784675003235233,-0.11084778290066066,0.4444444444444444,0.4444444444444444
3,14,P4,9,0.889315283224184,0.8376933834215083,-0.05162189980267562,0.4444444444444444,0.4444444444444444
3,14,P8,9,0.889315283224184,0.8767289694267573,-0.012586313797426696,0.4444444444444444,0.6666666666666666
3,14,U,9,0.889315283224184,0.8088757570168835,-0.08043952620730044,0.4444444444444444,0.6666666666666666
3,16,P0,9,0.889315283224184,0.8071982037457399,-0.08211707947844404,0.4444444444444444,0.4444444444444444
3,16,P4,9,0.889315283224184,0.827943987830945,-0.061371295393238934,0.4444444444444444,0.4444444444444444
3,16,P8,9,0.889315283224184,0.8023158191156391,-0.08699946410854487,0.4444444444444444,0.5555555555555556
3,16,U,9,0.889315283224184,0.7458303045675663,-0.1434849786566177,0.4444444444444444,0.5555555555555556
3,20,P0,9,0.889315283224184,0.801325525504292,-0.08798975771989193,0.4444444444444444,0.4444444444444444
3,20,P4,9,0.889315283224184,0.8283997085753196,-0.060915574648864323,0.4444444444444444,0.4444444444444444
3,20,P8,9,0.889315283224184,0.8133045786338396,-0.07601070459034431,0.4444444444444444,0.5555555555555556
3,20,U,9,0.889315283224184,0.7788015315923108,-0.11051375163187316,0.4444444444444444,0.5555555555555556
3,22,P0,9,0.889315283224184,0.7946327384943919,-0.0946825447297921,0.4444444444444444,0.4444444444444444
3,22,P4,9,0.889315283224184,0.8737596287768619,-0.015555654447322098,0.4444444444444444,0.4444444444444444
3,22,P8,9,0.889315283224184,0.8870324751032582,-0.002282808120925739,0.4444444444444444,0.5555555555555556
3,22,U,9,0.889315283224184,0.7643598248785926,-0.12495545834559141,0.4444444444444444,0.4444444444444444
3,24,P0,9,0.889315283224184,0.8042065678625232,-0.08510871536166076,0.4444444444444444,0.4444444444444444
3,24,P4,9,0.889315283224184,0.892997581951264,0.0036822987270800356,0.4444444444444444,0.4444444444444444
3,24,P8,9,0.889315283224184,0.8270868332384419,-0.06222844998574206,0.4444444444444444,0.5555555555555556
3,24,U,9,0.889315283224184,0.7740780095636496,-0.11523727366053438,0.4444444444444444,0.4444444444444444
3,28,P0,9,0.889315283224184,0.7967395778610371,-0.09257570536314685,0.4444444444444444,0.4444444444444444
3,28,P4,9,0.889315283224184,0.8865493095460453,-0.002765973678138689,0.4444444444444444,0.4444444444444444
3,28,P8,9,0.889315283224184,0.8215306802629507,-0.06778460296123323,0.4444444444444444,0.5555555555555556
3,28,U,9,0.889315283224184,0.802044732978159,-0.08727055024602492,0.4444444444444444,0.5555555555555556
3,29,P0,9,0.889315283224184,0.7969614929161117,-0.09235379030807223,0.4444444444444444,0.4444444444444444
3,29,P4,9,0.889315283224184,0.8847778941208919,-0.004537389103292044,0.4444444444444444,0.4444444444444444
3,29,P8,9,0.889315283224184,0.8259505430593643,-0.06336474016481963,0.4444444444444444,0.5555555555555556
3,29,U,9,0.889315283224184,0.8027711352927889,-0.08654414793139509,0.4444444444444444,0.5555555555555556
3,32,P0,9,0.889315283224184,0.7946407522442649,-0.09467453097991907,0.4444444444444444,0.4444444444444444
3,32,P4,9,0.889315283224184,0.8607483353427958,-0.02856694788138814,0.4444444444444444,0.4444444444444444
3,32,P8,9,0.889315283224184,0.826290764902254,-0.06302451832193001,0.4444444444444444,0.5555555555555556
3,32,U,9,0.889315283224184,0.7903748582092202,-0.0989404250149638,0.4444444444444444,0.5555555555555556
3,36,P0,9,0.889315283224184,0.778197201220533,-0.11111808200365092,0.4444444444444444,0.4444444444444444
3,36,P4,9,0.889315283224184,0.8229507361405961,-0.06636454708358785,0.4444444444444444,0.4444444444444444
3,36,P8,9,0.889315283224184,0.872181122015335,-0.01713416120884892,0.4444444444444444,0.5555555555555556
3,36,U,9,0.889315283224184,0.7839379216433118,-0.10537736158087219,0.4444444444444444,0.5555555555555556
4,0,P0,9,0.9380374971681256,0.9092116402956661,-0.02882585687245942,0.7777777777777778,0.7777777777777778
4,0,P4,9,0.9380374971681256,0.9092116402956661,-0.02882585687245942,0.7777777777777778,0.7777777777777778
4,0,P8,9,0.9380374971681256,0.9092116402956661,-0.02882585687245942,0.7777777777777778,0.7777777777777778
4,0,U,9,0.9380374971681256,0.9092116402956661,-0.02882585687245942,0.7777777777777778,0.7777777777777778
4,4,P0,9,0.9380374971681256,0.8828044978669644,-0.05523299930116121,0.7777777777777778,0.5555555555555556
4,4,P4,9,0.9380374971681256,0.908972853453428,-0.029064643714697525,0.7777777777777778,0.7777777777777778
4,4,P8,9,0.9380374971681256,0.9059063418731206,-0.03213115529500499,0.7777777777777778,0.7777777777777778
4,4,U,9,0.9380374971681256,0.9038266373342481,-0.034210859833877505,0.7777777777777778,0.6666666666666666
4,8,P0,9,0.9380374971681256,0.8523855599916478,-0.08565193717647779,0.7777777777777778,0.4444444444444444
4,8,P4,9,0.9380374971681256,0.8858375997746587,-0.052199897393466865,0.7777777777777778,0.6666666666666666
4,8,P8,9,0.9380374971681256,0.8961238638878853,-0.041913633280240226,0.7777777777777778,0.5555555555555556
4,8,U,9,0.9380374971681256,0.9153532716235244,-0.022684225544601144,0.7777777777777778,0.7777777777777778
4,12,P0,9,0.9380374971681256,0.8818580136451704,-0.05617948352295521,0.7777777777777778,0.6666666666666666
4,12,P4,9,0.9380374971681256,0.8207607132343226,-0.11727678393380292,0.7777777777777778,0.4444444444444444
4,12,P8,9,0.9380374971681256,0.8426721547279825,-0.09536534244014305,0.7777777777777778,0.4444444444444444
4,12,U,9,0.9380374971681256,0.9172733608847181,-0.020764136283407453,0.7777777777777778,0.7777777777777778
4,14,P0,9,0.9380374971681256,0.8924704621125236,-0.045567035055602,0.7777777777777778,0.6666666666666666
4,14,P4,9,0.9380374971681256,0.896214585755067,-0.041822911413058605,0.7777777777777778,0.5555555555555556
4,14,P8,9,0.9380374971681256,0.7998619241780788,-0.1381755729900468,0.7777777777777778,0.3333333333333333
4,14,U,9,0.9380374971681256,0.9230918926508708,-0.014945604517254796,0.7777777777777778,0.7777777777777778
4,16,P0,9,0.9380374971681256,0.9061877484042499,-0.031849748763875696,0.7777777777777778,0.6666666666666666
4,16,P4,9,0.9380374971681256,0.8479738934775387,-0.09006360369058686,0.7777777777777778,0.4444444444444444
4,16,P8,9,0.9380374971681256,0.8519817925515965,-0.08605570461652912,0.7777777777777778,0.4444444444444444
4,16,U,9,0.9380374971681256,0.9053454545281032,-0.032692042640022345,0.7777777777777778,0.7777777777777778
4,20,P0,9,0.9380374971681256,0.906158632373476,-0.03187886479464952,0.7777777777777778,0.6666666666666666
4,20,P4,9,0.9380374971681256,0.8928136800964613,-0.04522381707166423,0.7777777777777778,0.6666666666666666
4,20,P8,9,0.9380374971681256,0.86918236254026,-0.06885513462786552,0.7777777777777778,0.4444444444444444
4,20,U,9,0.9380374971681256,0.9059609181327911,-0.03207657903533445,0.7777777777777778,0.7777777777777778
4,22,P0,9,0.9380374971681256,0.9060850996665941,-0.03195239750153145,0.7777777777777778,0.6666666666666666
4,22,P4,9,0.9380374971681256,0.91527644915565,-0.022761048012475582,0.7777777777777778,0.6666666666666666
4,22,P8,9,0.9380374971681256,0.9121492915261,-0.02588820564202554,0.7777777777777778,0.6666666666666666
4,22,U,9,0.9380374971681256,0.9045591243462009,-0.03347837282192467,0.7777777777777778,0.7777777777777778
4,24,P0,9,0.9380374971681256,0.9047902319543849,-0.03324726521374066,0.7777777777777778,0.6666666666666666
4,24,P4,9,0.9380374971681256,0.9177061252760073,-0.02033137189211831,0.7777777777777778,0.7777777777777778
4,24,P8,9,0.9380374971681256,0.909967915424351,-0.028069581743774608,0.7777777777777778,0.6666666666666666
4,24,U,9,0.9380374971681256,0.8961544054703589,-0.04188309169776672,0.7777777777777778,0.6666666666666666
4,28,P0,9,0.9380374971681256,0.9036943851198389,-0.03434311204828666,0.7777777777777778,0.6666666666666666
4,28,P4,9,0.9380374971681256,0.9140349410864139,-0.024002556081711646,0.7777777777777778,0.6666666666666666
4,28,P8,9,0.9380374971681256,0.9037487431123158,-0.03428875405580978,0.7777777777777778,0.6666666666666666
4,28,U,9,0.9380374971681256,0.9164599052234502,-0.021577591944675345,0.7777777777777778,0.7777777777777778
4,29,P0,9,0.9380374971681256,0.9036490043843508,-0.03438849278377476,0.7777777777777778,0.6666666666666666
4,29,P4,9,0.9380374971681256,0.9143215294059199,-0.023715967762205636,0.7777777777777778,0.6666666666666666
4,29,P8,9,0.9380374971681256,0.9089744685694539,-0.029063028598671714,0.7777777777777778,0.6666666666666666
4,29,U,9,0.9380374971681256,0.9017667078669491,-0.03627078930117644,0.7777777777777778,0.6666666666666666
4,32,P0,9,0.9380374971681256,0.9002274001435474,-0.03781009702457816,0.7777777777777778,0.6666666666666666
4,32,P4,9,0.9380374971681256,0.9062274070886185,-0.03181009007950708,0.7777777777777778,0.6666666666666666
4,32,P8,9,0.9380374971681256,0.9168829411645939,-0.021154556003531666,0.7777777777777778,0.6666666666666666
4,32,U,9,0.9380374971681256,0.898391148891251,-0.03964634827687452,0.7777777777777778,0.6666666666666666
4,36,P0,9,0.9380374971681256,0.8921166172733829,-0.045920879894742694,0.7777777777777778,0.6666666666666666
4,36,P4,9,0.9380374971681256,0.8803617300210087,-0.05767576714711686,0.7777777777777778,0.5555555555555556
4,36,P8,9,0.9380374971681256,0.9128301357837628,-0.025207361384362748,0.7777777777777778,0.6666666666666666
4,36,U,9,0.9380374971681256,0.8917435852070396,-0.04629391196108601,0.7777777777777778,0.6666666666666666
5,0,P0,9,0.9914914810816863,0.9852356711016029,-0.006255809980083349,1.0,0.8888888888888888
5,0,P4,9,0.9914914810816863,0.9852356711016029,-0.006255809980083349,1.0,0.8888888888888888
5,0,P8,9,0.9914914810816863,0.9852356711016029,-0.006255809980083349,1.0,0.8888888888888888
5,0,U,9,0.9914914810816863,0.9852356711016029,-0.006255809980083349,1.0,0.8888888888888888
5,4,P0,9,0.9914914810816863,0.9842913249357751,-0.007200156145911185,1.0,0.8888888888888888
5,4,P4,9,0.9914914810816863,0.9821425198187923,-0.009348961262893973,1.0,0.8888888888888888
5,4,P8,9,0.9914914810816863,0.9846216788143062,-0.0068698022673800985,1.0,0.8888888888888888
5,4,U,9,0.9914914810816863,0.9855858676677234,-0.005905613413962896,1.0,0.8888888888888888
5,8,P0,9,0.9914914810816863,0.9857075912864287,-0.0057838897952575685,1.0,0.8888888888888888
5,8,P4,9,0.9914914810816863,0.9865850899417241,-0.004906391139962163,1.0,0.8888888888888888
5,8,P8,9,0.9914914810816863,0.9838310146811493,-0.007660466400536969,1.0,0.8888888888888888
5,8,U,9,0.9914914810816863,0.9837499081014691,-0.0077415729802171596,1.0,0.8888888888888888
5,12,P0,9,0.9914914810816863,0.9850611337171112,-0.00643034736457504,1.0,0.8888888888888888
5,12,P4,9,0.9914914810816863,0.9887173977759605,-0.0027740833057258163,1.0,0.8888888888888888
5,12,P8,9,0.9914914810816863,0.9841453277948974,-0.007346153286788892,1.0,0.8888888888888888
5,12,U,9,0.9914914810816863,0.9831764561047693,-0.00831502497691694,1.0,0.8888888888888888
5,14,P0,9,0.9914914810816863,0.9853230303948327,-0.006168450686853566,1.0,0.8888888888888888
5,14,P4,9,0.9914914810816863,0.986721987788725,-0.00476949329296128,1.0,0.8888888888888888
5,14,P8,9,0.9914914810816863,0.9826369989169568,-0.008854482164729505,1.0,0.8888888888888888
5,14,U,9,0.9914914810816863,0.9832742863293326,-0.008217194752353718,1.0,0.8888888888888888
5,16,P0,9,0.9914914810816863,0.9853997182709197,-0.006091762810766621,1.0,0.8888888888888888
5,16,P4,9,0.9914914810816863,0.9861532503751794,-0.005338230706506852,1.0,0.8888888888888888
5,16,P8,9,0.9914914810816863,0.9825304406652522,-0.008961040416434085,1.0,0.8888888888888888
5,16,U,9,0.9914914810816863,0.984541857464089,-0.0069496236175973225,1.0,0.8888888888888888
5,20,P0,9,0.9914914810816863,0.9845337555171654,-0.0069577255645209,1.0,0.8888888888888888
5,20,P4,9,0.9914914810816863,0.984948913930296,-0.006542567151390233,1.0,0.8888888888888888
5,20,P8,9,0.9914914810816863,0.9831579953715022,-0.008333485710184108,1.0,0.8888888888888888
5,20,U,9,0.9914914810816863,0.9852346632608067,-0.006256817820879612,1.0,0.8888888888888888
5,22,P0,9,0.9914914810816863,0.9844764370692641,-0.007015044012422145,1.0,0.8888888888888888
5,22,P4,9,0.9914914810816863,0.9831874239251943,-0.008304057156491962,1.0,0.8888888888888888
5,22,P8,9,0.9914914810816863,0.9840236132209442,-0.00746786786074205,1.0,0.8888888888888888
5,22,U,9,0.9914914810816863,0.9820653623053417,-0.009426118776344583,1.0,0.8888888888888888
5,24,P0,9,0.9914914810816863,0.9842959624421865,-0.007195518639499743,1.0,0.8888888888888888
5,24,P4,9,0.9914914810816863,0.9819549313310405,-0.009536549750645773,1.0,0.8888888888888888
5,24,P8,9,0.9914914810816863,0.9837300204775608,-0.007761460604125525,1.0,0.8888888888888888
5,24,U,9,0.9914914810816863,0.9824079404342924,-0.009083540647393917,1.0,0.8888888888888888
5,28,P0,9,0.9914914810816863,0.9848850261022969,-0.006606454979389387,1.0,0.8888888888888888
5,28,P4,9,0.9914914810816863,0.9828989989417773,-0.00859248213990893,1.0,0.8888888888888888
5,28,P8,9,0.9914914810816863,0.9840570202947139,-0.007434460786972408,1.0,0.8888888888888888
5,28,U,9,0.9914914810816863,0.9812644103303224,-0.010227070751363865,1.0,0.8888888888888888
5,29,P0,9,0.9914914810816863,0.9852772556626356,-0.006214225419050701,1.0,0.8888888888888888
5,29,P4,9,0.9914914810816863,0.9828493439744357,-0.008642137107250591,1.0,0.8888888888888888
5,29,P8,9,0.9914914810816863,0.9836494570647701,-0.007842024016916138,1.0,0.8888888888888888
5,29,U,9,0.9914914810816863,0.9808472988591117,-0.010644182222574572,1.0,0.8888888888888888
5,32,P0,9,0.9914914810816863,0.9849291888947702,-0.006562292186916063,1.0,0.8888888888888888
5,32,P4,9,0.9914914810816863,0.9844063376618767,-0.007085143419809592,1.0,0.8888888888888888
5,32,P8,9,0.9914914810816863,0.9836804082347694,-0.0078110728469168444,1.0,0.8888888888888888
5,32,U,9,0.9914914810816863,0.9802192463015086,-0.011272234780177692,1.0,0.8888888888888888
5,36,P0,9,0.9914914810816863,0.9848629741291225,-0.006628506952563784,1.0,0.8888888888888888
5,36,P4,9,0.9914914810816863,0.9850573810026075,-0.006434100079078742,1.0,0.8888888888888888
5,36,P8,9,0.9914914810816863,0.9840398862657007,-0.007451594815985563,1.0,0.8888888888888888
5,36,U,9,0.9914914810816863,0.983193262773084,-0.008298218308602223,1.0,0.8888888888888888
