position,layer,n90,n95,n99,n_dims_above_noise,scree3,noise3,tortuosity,planarity2,split_half_r,snr,mean_pr
T3,1,3,5,10,14,0.04353005811572075,0.012585197575390339,22.212806701660156,0.8826836347579956,-0.39522172756138624,0.3673899173736572,2.148538112640381
R0,1,1,1,1,14,0.0010670714545994997,0.00041974493069574237,185.46429443359375,0.9954522848129272,-0.1956337411444999,0.5381249189376831,1.1651517510414124
T3,2,1,1,6,13,0.00563383474946022,0.004677846562117338,71.3177490234375,0.9761693477630615,0.7797956019746949,0.5815257430076599,1.824385404586792
R0,2,1,1,1,14,0.0012890450889244676,0.0002513077051844448,223.35336303710938,0.9953290224075317,-0.10624737621090616,0.5625779032707214,1.1794570446014405
T3,3,1,1,5,14,0.0067981635220348835,0.0038872084114700556,82.20490264892578,0.9777722358703613,0.8712451277719084,0.5515171885490417,1.9614085137844086
R0,3,1,1,2,13,0.0015079070581123233,0.0021185840014368296,235.96221923828125,0.9948084354400635,-0.07488395845008888,0.5480570197105408,1.1224315524101258
T3,4,1,1,5,14,0.00718269869685173,0.003914123401045799,91.71778106689453,0.977985680103302,0.918275592881292,0.5418089628219604,2.0167595207691194
R0,4,1,1,2,12,0.002039838582277298,0.002150756074115634,201.6520538330078,0.9939512610435486,-0.09856197489203268,0.519884467124939,1.1201913595199584
T3,5,1,1,6,14,0.006096713710576296,0.005324100144207478,92.67453002929688,0.9777771830558777,0.9078878849593137,0.5170968174934387,2.047676521539688
R0,5,1,1,2,14,0.0027768551371991634,0.0010150138987228274,101.56190490722656,0.9918848276138306,-0.0628796916905318,0.5100945830345154,1.1077666521072387
T3,6,1,1,6,14,0.0063218651339411736,0.005235487129539251,92.80084228515625,0.9766758680343628,0.9051122958108266,0.5077294111251831,2.04754518866539
R0,6,1,1,1,14,0.0022283168509602547,0.001077507040463388,114.3885726928711,0.9934913516044617,-0.08130742026257537,0.5241110324859619,1.1122509241104126
T3,7,1,1,6,14,0.008899826556444168,0.006141087505966425,65.8360595703125,0.972284734249115,0.9188671361723157,0.5136829018592834,2.077257013320923
R0,7,1,1,1,13,0.0019733707886189222,0.0010721968719735742,116.04781341552734,0.9939425587654114,-0.10760180783755054,0.5126648545265198,1.1014272212982177
T3,8,1,1,5,14,0.005508453119546175,0.0043581947684288025,79.15214538574219,0.9806119799613953,0.8837396897449488,0.538444995880127,2.0740436255931853
R0,8,1,1,2,13,0.0019547725096344948,0.0015081587480381131,107.03070068359375,0.9925615787506104,0.014435395987529024,0.505452036857605,1.1208571016788482
T3,9,1,1,6,14,0.00684143602848053,0.005381460767239332,61.365047454833984,0.9752180576324463,0.864019587590892,0.516771137714386,2.100966548919678
R0,9,1,1,3,13,0.0027164528146386147,0.0017698996234685183,79.35428619384766,0.9892421364784241,0.02796457295266467,0.49750468134880066,1.1330830812454225
T3,10,1,2,7,13,0.008068693801760674,0.007387468591332436,38.99427032470703,0.965752363204956,0.8625083644518139,0.48966947197914124,2.2207668304443358
R0,10,1,1,4,13,0.0040180678479373455,0.0023048000875860453,56.48203659057617,0.982520580291748,0.10351968923081457,0.49681809544563293,1.159897255897522
T3,11,1,2,6,14,0.007155631668865681,0.006488201208412647,44.8702278137207,0.9690667986869812,0.8392041626923482,0.5122842788696289,2.0528950572013853
R0,11,1,1,5,14,0.006526707671582699,0.002437085146084428,52.5383415222168,0.976608157157898,0.14136299654058046,0.49472737312316895,1.1816734433174134
T3,12,1,1,5,14,0.0064956010319292545,0.004959258250892162,46.19303894042969,0.9738919138908386,0.767538402446323,0.5319923162460327,1.8476787447929381
R0,12,1,1,5,14,0.0065584490075707436,0.0024801460094749928,48.53655242919922,0.9749367237091064,0.27951474270513194,0.5119990110397339,1.2368111789226532
T3,13,1,2,6,14,0.008435191586613655,0.004950815811753273,42.61296463012695,0.9682698249816895,0.7382264458697118,0.5266125798225403,1.8637938439846038
R0,13,1,1,6,14,0.00635269470512867,0.0027853557839989662,46.76797103881836,0.9740487337112427,0.3163732714599824,0.5198962688446045,1.2461988508701325
T3,14,1,2,6,14,0.009268323890864849,0.004937059246003628,38.170650482177734,0.9659251570701599,0.7668062317737936,0.5233594179153442,1.897230589389801
R0,14,1,2,6,14,0.009093123488128185,0.0040862783789634705,47.46443176269531,0.970320463180542,0.3109045571130193,0.5170137286186218,1.2639747262001038
T3,15,1,2,7,14,0.008354284800589085,0.004787486512213945,41.07936096191406,0.966325044631958,0.7719691990027732,0.5233547687530518,1.857371348142624
R0,15,1,1,5,14,0.008747064508497715,0.0035872813314199448,48.52007293701172,0.9715724587440491,0.3133149454032128,0.5143696665763855,1.2686190843582152
T3,16,1,2,6,14,0.007412608712911606,0.004310631193220615,44.71650314331055,0.9706242084503174,0.7279015091554286,0.5392415523529053,1.7472794711589814
R0,16,1,1,4,14,0.005139655899256468,0.0028317272663116455,49.31139373779297,0.9815053939819336,0.49674390473618674,0.5565216541290283,1.3950319290161133
T3,17,1,2,6,14,0.0073599014431238174,0.004522519651800394,44.77254867553711,0.9693345427513123,0.7326480170380004,0.5418086647987366,1.742694365978241
R0,17,1,1,4,15,0.0044971248134970665,0.0021637293975800276,42.6932258605957,0.9827250242233276,0.47907846856076136,0.5461015701293945,1.4681329786777497
T3,18,1,3,7,15,0.01572471298277378,0.007621141150593758,32.823368072509766,0.9499690532684326,0.742849367537956,0.5330694913864136,1.8655197203159333
R0,18,1,2,5,14,0.006523436401039362,0.003344090888276696,41.50989532470703,0.975051760673523,0.44123856212978874,0.5330730676651001,1.4508474707603454
T3,19,2,3,8,15,0.020272554829716682,0.007976413704454899,29.561382293701172,0.9387085437774658,0.7489428507903582,0.5355440974235535,1.9063884973526002
R0,19,1,2,5,13,0.006900607608258724,0.003761447034776211,44.09942626953125,0.9739224910736084,0.37945411029095005,0.5301113724708557,1.3924473166465758
T3,20,1,3,7,15,0.01868545450270176,0.006573944818228483,32.92640686035156,0.9485399723052979,0.66886605932207,0.5409674048423767,1.708806437253952
R0,20,1,1,5,14,0.006213688757270575,0.003213627031072974,52.667537689208984,0.9772865772247314,0.4830078493663052,0.552310585975647,1.4335043668746947
T3,21,1,2,6,15,0.014808145351707935,0.0053161149844527245,39.04869079589844,0.9591294527053833,0.6734893585162313,0.5856330990791321,1.7031016528606415
R0,21,1,2,5,15,0.007238486781716347,0.003431368386372924,52.297489166259766,0.9751371145248413,0.5013724698365031,0.5792419910430908,1.438635903596878
T3,22,1,2,6,15,0.01463068462908268,0.005445833783596754,40.20450973510742,0.9588675498962402,0.6831932027838429,0.5874833464622498,1.7101591885089875
R0,22,1,2,5,15,0.007385226432234049,0.0036655121948570013,49.859352111816406,0.9748698472976685,0.4820907699359359,0.5693030953407288,1.4549485445022583
T3,23,1,2,6,15,0.013529770076274872,0.0050735799595713615,40.5591926574707,0.961908221244812,0.6709753160496019,0.5968015193939209,1.6648969113826753
R0,23,1,2,5,14,0.007654777728021145,0.003758117090910673,48.3583869934082,0.9742291569709778,0.4329860157635916,0.5582538843154907,1.435550194978714
T3,24,1,2,6,15,0.013359523378312588,0.0050794645212590694,39.75657272338867,0.9619134068489075,0.6867009499699669,0.6000538468360901,1.7195256412029267
R0,24,1,2,5,14,0.007751390337944031,0.00380144570954144,47.44343948364258,0.9733367562294006,0.4560168790617466,0.5503419041633606,1.4631780326366424
T3,25,1,2,6,15,0.013632755726575851,0.005191822536289692,38.66166305541992,0.9605889916419983,0.72112442045402,0.6164700984954834,1.7568491101264954
R0,25,1,2,6,14,0.010062233544886112,0.00430874340236187,43.94390106201172,0.9686593413352966,0.463202672542934,0.5396265983581543,1.475657343864441
T3,26,1,3,7,14,0.02063736878335476,0.00692712003365159,33.926326751708984,0.9471134543418884,0.7223167036408981,0.5991328954696655,1.8503003418445587
R0,26,1,2,6,14,0.011920906603336334,0.004346438217908144,42.1055793762207,0.9657009840011597,0.4627062188886553,0.538657009601593,1.4849907040596009
T3,27,2,3,8,15,0.026071231812238693,0.007444320246577263,30.07755470275879,0.938167929649353,0.6990347915857381,0.5862169861793518,1.8392621457576752
R0,27,1,2,6,14,0.013796304352581501,0.004543875344097614,40.79862976074219,0.9628927111625671,0.33441840613688373,0.5302309989929199,1.4842990577220916
T3,28,2,3,8,15,0.03087472729384899,0.0073015992529690266,28.001131057739258,0.9320439696311951,0.6816227827945213,0.5802406072616577,1.8221966564655303
R0,28,1,2,6,14,0.012824940495193005,0.004160111770033836,42.59713363647461,0.9667454361915588,0.43794439077094943,0.5380645990371704,1.4986305952072143
T3,29,2,3,8,15,0.03372558206319809,0.008332566358149052,26.36395835876465,0.9261119365692139,0.6931336707275685,0.5702988505363464,1.8545095682144166
R0,29,1,2,6,14,0.013564067892730236,0.0044172476045787334,39.92251968383789,0.9645140171051025,0.4171561626046866,0.5327573418617249,1.5362541556358338
T3,30,2,3,8,14,0.04048239067196846,0.011483144015073776,23.597126007080078,0.9140520095825195,0.6651828680870977,0.5635040998458862,1.9069064736366272
R0,30,1,2,6,14,0.013876286335289478,0.004314999561756849,42.0846061706543,0.9635729193687439,0.4146303688285702,0.5402647256851196,1.5660430312156677
T3,31,2,3,9,14,0.04177352413535118,0.011956821195781231,23.474843978881836,0.9105103015899658,0.7579261832844129,0.5576980113983154,1.8388273060321807
R0,31,1,2,6,14,0.015644142404198647,0.0046422905288636684,38.99542236328125,0.9580800533294678,0.30439552298172223,0.528832733631134,1.6121601939201355
T3,32,2,3,9,14,0.041735660284757614,0.012249454855918884,23.229475021362305,0.9100195169448853,0.7794467598711486,0.5471128821372986,1.8940981030464172
R0,32,1,2,6,14,0.013317589648067951,0.003857034258544445,39.82734680175781,0.9613904356956482,0.3994113661718826,0.5175555348396301,1.6246410965919496
T3,33,3,4,9,14,0.05762031674385071,0.016765151172876358,18.279041290283203,0.8793162703514099,0.7243132663913802,0.5268529057502747,2.0956883907318113
R0,33,2,2,7,14,0.014514102600514889,0.00418498832732439,36.90256881713867,0.9576306343078613,0.30483779182689763,0.5136791467666626,1.6781633138656615
T3,34,3,5,10,13,0.08501821011304855,0.028221910819411278,15.386252403259277,0.8270978927612305,0.8411605458838295,0.5020040273666382,2.402952766418457
R0,34,2,3,8,14,0.017275534570217133,0.005160077475011349,34.54006576538086,0.9487794041633606,0.2888055494044188,0.5129616260528564,1.7590733408927917
T3,35,4,5,10,15,0.08648774772882462,0.03226909413933754,13.708685874938965,0.8133797645568848,0.7738995673064809,0.4829416871070862,2.465273439884186
R0,35,2,3,8,14,0.017355741932988167,0.005125780589878559,36.31325912475586,0.9499537944793701,0.3171151526982998,0.5147300362586975,1.7563626646995545
T3,36,4,5,10,15,0.09587385505437851,0.035563915967941284,12.922037124633789,0.7940769791603088,0.8879693747938481,0.48273226618766785,2.7362390041351317
R0,36,1,2,7,14,0.012843678705394268,0.004327327944338322,41.048851013183594,0.9598953723907471,0.3308993019307367,0.5293662548065186,1.735417366027832
T3,37,4,5,10,15,0.10083132237195969,0.037509020417928696,13.219097137451172,0.783949613571167,0.8873728950006788,0.4729539155960083,2.8001479148864745
R0,37,1,2,7,14,0.013341681100428104,0.004679148085415363,40.96675109863281,0.9589515924453735,0.3017756503935994,0.524755597114563,1.77344109416008
T3,38,4,5,10,15,0.11181500554084778,0.043667253106832504,13.18669319152832,0.7761722803115845,0.8432210302175054,0.4730640649795532,2.9037960290908815
R0,38,1,2,6,13,0.011628299951553345,0.004833593964576721,42.534820556640625,0.9622249603271484,0.16382890830743324,0.5235386490821838,1.772038984298706
T3,39,4,5,10,15,0.11344017833471298,0.048900056630373,13.261101722717285,0.7749378085136414,0.8312249915395237,0.47116410732269287,2.8525760054588316
R0,39,1,2,6,13,0.010425783693790436,0.0049148136749863625,43.585853576660156,0.9648473858833313,0.1445862104558887,0.5265268683433533,1.7543666362762451
T3,40,4,5,10,15,0.10536691546440125,0.048424430191516876,13.33980655670166,0.782305121421814,0.9279673732181117,0.4606199860572815,2.950407099723816
R0,40,1,2,6,13,0.011108877137303352,0.004559990484267473,42.80512237548828,0.9646711945533752,0.14382780946940102,0.5152861475944519,1.7927677810192109
T3,41,4,5,10,15,0.10509426146745682,0.05076019465923309,13.561934471130371,0.7777709364891052,0.9210027707913464,0.45829910039901733,2.981731915473938
R0,41,1,2,7,13,0.010624188929796219,0.0048920949921011925,44.11811447143555,0.9624240398406982,0.15278355456310458,0.5229542851448059,1.8999867379665374
T3,42,4,5,10,14,0.10346922278404236,0.05399693548679352,13.717964172363281,0.7804737091064453,0.908261871310684,0.46442997455596924,2.9775538563728334
R0,42,1,2,7,12,0.010882538743317127,0.004821117036044598,45.967777252197266,0.9627310633659363,0.13614553640321075,0.5245124697685242,1.9235220015048982
T3,43,4,6,10,14,0.10000739246606827,0.05623554065823555,14.262846946716309,0.7825714945793152,0.8952557330170274,0.46098947525024414,2.8971009969711305
R0,43,1,2,6,12,0.010528197512030602,0.004868623334914446,46.909725189208984,0.9642860889434814,0.1462346453152695,0.5321629643440247,1.9539860308170318
T3,44,4,6,10,14,0.0930686667561531,0.05495050549507141,14.586248397827148,0.7873658537864685,0.9070625357383271,0.46284976601600647,3.064595437049866
R0,44,1,2,6,11,0.010106482543051243,0.005067068617790937,48.11967849731445,0.9654949307441711,0.21672586985957715,0.534555971622467,1.9978084027767182
T3,45,4,6,10,12,0.08928531408309937,0.05392448976635933,14.549098014831543,0.7863771915435791,0.8961661399325657,0.45389190316200256,3.1326678156852723
R0,45,1,2,6,12,0.00989840179681778,0.005372998304665089,48.653770446777344,0.9657440185546875,0.30060688015439474,0.5420798659324646,2.0321091175079347
T3,46,4,5,10,11,0.07867471128702164,0.0462803952395916,13.851412773132324,0.7980279922485352,0.8838595207910119,0.4496591091156006,3.3043483972549437
R0,46,1,2,6,12,0.011733721010386944,0.00613485649228096,44.60049819946289,0.9621205925941467,0.27814610568495074,0.5357727408409119,2.1216327965259554
T3,47,4,5,10,11,0.07765566557645798,0.04598483070731163,13.980424880981445,0.8062248826026917,0.8842435352121827,0.45117703080177307,3.180389928817749
R0,47,1,2,6,12,0.011101426556706429,0.006158149801194668,48.114051818847656,0.9639477729797363,0.24304415138829838,0.5400187969207764,2.13905793428421
T3,48,4,5,10,10,0.06988146156072617,0.0375780314207077,12.867790222167969,0.8171725869178772,0.8717182798005885,0.4552169740200043,3.647495412826538
R0,48,1,2,6,14,0.013232900761067867,0.006143960636109114,46.36150360107422,0.9592984318733215,0.2647681413198284,0.5357069969177246,2.379436415433884
T3,49,4,5,10,10,0.07180696725845337,0.03755561634898186,12.950446128845215,0.8166211843490601,0.8832582560008893,0.45856955647468567,3.663947284221649
R0,49,2,2,6,13,0.014527765102684498,0.006844017188996077,43.707374572753906,0.9575942158699036,0.27019898047176055,0.5397847890853882,2.430798810720444
T3,50,4,5,10,10,0.0723026916384697,0.040292441844940186,13.106003761291504,0.8141094446182251,0.8714115042825923,0.4466294050216675,3.6068443179130556
R0,50,2,3,7,13,0.01751871034502983,0.007615816313773394,35.4400520324707,0.9476574659347534,0.24351131644989887,0.5225145220756531,2.4195380210876465
T3,51,4,6,10,8,0.07596267759799957,0.04181442782282829,12.95561695098877,0.8054715394973755,0.8693292402050228,0.42521950602531433,3.4937724709510802
R0,51,2,3,7,12,0.018443608656525612,0.007782293017953634,33.29781723022461,0.9453482031822205,0.21871435666782382,0.5164968371391296,2.404976063966751
T3,52,4,6,11,8,0.07247160375118256,0.04322134703397751,12.671914100646973,0.8034279346466064,0.8500921515210688,0.41475245356559753,3.6468161761760713
R0,52,2,3,7,12,0.019358854740858078,0.007873681373894215,32.66872787475586,0.9405280947685242,0.22473025625021376,0.5057432055473328,2.2955107629299163
T3,53,4,6,11,7,0.0754978209733963,0.04503212124109268,12.727530479431152,0.7962837219238281,0.8465445563643226,0.4034425914287567,3.7327232658863068
R0,53,2,3,7,11,0.020260436460375786,0.008292212150990963,31.336761474609375,0.9393424391746521,0.21622657066653214,0.5013646483421326,2.3260689318180083
T3,54,4,6,11,7,0.07796904444694519,0.04771307110786438,12.558351516723633,0.789592981338501,0.8403695280396158,0.39640313386917114,3.814542901515961
R0,54,2,3,7,10,0.020523054525256157,0.008937099948525429,30.977676391601562,0.938636302947998,0.22111495881216234,0.49661922454833984,2.3204580783843993
T3,55,4,6,10,5,0.08541161566972733,0.0804276093840599,10.69524097442627,0.7657103538513184,0.7618634506281327,0.33703702688217163,3.1579532980918885
R0,55,2,3,7,10,0.021907225251197815,0.008841073140501976,29.91211700439453,0.9378697872161865,0.19185064716307196,0.49603718519210815,2.338650643825531
T3,56,4,7,11,7,0.07210389524698257,0.06211404129862785,12.09640884399414,0.7819331288337708,0.8461149023205783,0.3854241967201233,3.985819065570831
R0,56,2,3,7,11,0.018704863265156746,0.00830281712114811,31.190555572509766,0.9440248012542725,0.17877383234468902,0.4999662935733795,2.2557345151901247
T3,57,4,7,11,7,0.07451540976762772,0.06392347067594528,12.006043434143066,0.779323399066925,0.8265708922302664,0.3752996027469635,3.8568545818328857
R0,57,2,3,7,10,0.018704161047935486,0.008979425765573978,31.645124435424805,0.9442477822303772,0.1648603289911127,0.4963296949863434,2.263593089580536
T3,58,4,7,11,7,0.0739322379231453,0.07209322601556778,12.068086624145508,0.7776683568954468,0.8082085814104837,0.3714199960231781,3.8068240523338317
R0,58,2,3,7,9,0.018631678074598312,0.009753291495144367,31.774362564086914,0.9442657232284546,0.15634484595084408,0.4941777288913727,2.2549873888492584
T3,59,4,6,10,5,0.09145987033843994,0.06451994925737381,9.9016752243042,0.7823787927627563,0.2958650808730519,0.32949626445770264,2.1796955823898316
R0,59,2,3,7,9,0.01969795674085617,0.01030328031629324,31.751270294189453,0.9412098526954651,0.1885492375847638,0.4996473789215088,2.270668077468872
T3,60,4,7,12,7,0.07271090149879456,0.0668761134147644,12.304459571838379,0.7773368954658508,0.8206468197478439,0.38297513127326965,3.661021536588669
R0,60,2,3,7,8,0.01772482506930828,0.010103113017976284,33.11622619628906,0.9428411722183228,0.23395333489599077,0.5022506713867188,2.1631018042564394
T3,61,5,7,13,7,0.07351799309253693,0.06332054734230042,12.17465591430664,0.7682377099990845,0.7835083464166971,0.37758204340934753,3.8632421016693117
R0,61,2,3,7,8,0.017506489530205727,0.010444479063153267,32.7168083190918,0.9433894157409668,0.19130100438049102,0.49566254019737244,2.169870615005493
T3,62,5,7,13,7,0.07190091907978058,0.06871417164802551,11.899446487426758,0.7652618885040283,0.7619646945910098,0.3706774115562439,3.9616731643676757
R0,62,2,3,7,8,0.018071824684739113,0.010598422959446907,31.728334426879883,0.941899836063385,0.2108781648102617,0.4988618493080139,2.1979175448417663
T3,63,4,6,11,5,0.056301310658454895,0.05206193029880524,7.139453411102295,0.8284804224967957,0.30693012623686233,0.270037442445755,2.528842878341675
R0,63,2,3,8,7,0.02114405483007431,0.012502104975283146,27.621112823486328,0.931946337223053,0.24267094451443147,0.491092324256897,2.263355499505997
T3,64,3,5,10,3,0.03889252245426178,0.03520305082201958,6.304311275482178,0.8787806630134583,0.24225168943450814,0.2372073233127594,1.9136265575885774
R0,64,2,3,8,7,0.019938398152589798,0.01507234014570713,18.171451568603516,0.9362322092056274,0.2575579130401623,0.49472954869270325,2.243801921606064
