layer,position,ridge_A_w2x,ridge_A_rmse,ridge_mention_pull,ridge_mention_slope,ridge_mention_w2x,ridge_role_pull,ridge_role_slope,ridge_role_w2x,proj3_A_w2x,proj3_A_rmse,proj3_mention_pull,proj3_mention_slope,proj3_mention_w2x,proj3_role_pull,proj3_role_slope,proj3_role_w2x
22,T0,0.9409722222222222,0.15804072553274537,0.6807996948568993,0.1578584756658289,0.3541666666666667,0.8953430292293303,0.27348415964526424,0.3229166666666667,0.9409722222222222,0.15838362149108756,0.6741718768701802,0.15714067583636485,0.5729166666666666,0.8124343624379342,0.23571336405850035,0.3958333333333333
22,T1,0.9930555555555556,0.10753354913054411,0.8790372559704184,0.35529825255480224,0.09375,0.8586048133176738,0.13018382078494006,0.53125,0.9930555555555556,0.1074090377329515,0.24734582560262874,0.09898586104439334,0.28125,0.8593987496423255,0.12974318493598655,0.53125
22,T2,0.9166666666666666,0.16946191177158493,0.8583533081285485,0.2198833245676784,0.40625,0.7946149027068647,0.13119412667962818,0.4583333333333333,0.9097222222222222,0.175541999184858,0.9150594806474694,0.2293411466711241,0.4479166666666667,0.8284352329809127,0.128390375366385,0.71875
22,T3,0.90625,0.17736043827392597,0.7759160060050977,0.21350020493997685,0.3645833333333333,0.9247797452664129,0.32152924389669074,0.14583333333333334,0.8958333333333334,0.17712610187893316,0.9121152912859175,0.22283680462153918,0.46875,0.9112896135278882,0.26726452552292096,0.46875
22,T4,0.96875,0.1413990525604276,0.655774085283709,0.09242787071358788,0.4895833333333333,0.9520178684044603,0.40892364112505597,0.16666666666666666,0.96875,0.1414218093142843,0.6076426946841463,0.10314740142991594,0.6770833333333334,0.6937035601094799,0.17315201576841252,0.3125
22,T5,0.8298611111111112,0.2234428168620084,0.7687929672271495,0.20403032102097918,0.375,0.7472297971082138,0.21286535346032262,0.22916666666666666,0.8263888888888888,0.22380180264836858,0.8286875475800091,0.20744790920711678,0.5208333333333334,0.6353254900156526,0.1815675866835602,0.4479166666666667
22,T6,0.7222222222222222,0.2685298868089312,0.6892320160006988,0.18826477753187998,0.4166666666666667,0.4387414274074727,0.1215764363803965,0.3645833333333333,0.7326388888888888,0.26722273901178145,0.8227584657781745,0.19253683401082042,0.5208333333333334,0.3907659589007474,0.12085973089398802,0.3541666666666667
22,T7,0.8333333333333334,0.23090843847655815,0.7011648019153753,0.14919172163461908,0.4583333333333333,0.900412007302106,0.2932861816094255,0.20833333333333334,0.8263888888888888,0.23077474718840382,0.7973597446499485,0.15029930248748527,0.5416666666666666,0.7773518769811067,0.24203117733595045,0.375
22,T8,0.9131944444444444,0.18028682622973163,0.7389711782101409,0.11917308784763259,0.5208333333333334,0.9102581748838963,0.32740201641264616,0.22916666666666666,0.9097222222222222,0.18114729185378348,0.7137217017039292,0.11861838295507068,0.53125,0.8622962779382763,0.2782363896460964,0.4166666666666667
22,R0,0.8159722222222222,0.22502076818464825,0.7718864012107157,0.14324148373459433,0.53125,0.9012873729933886,0.33673284375463447,0.3020833333333333,0.8159722222222222,0.22507717692957876,0.7711266104077346,0.14386610855218077,0.5520833333333334,0.8972634051257098,0.33018679032367265,0.3125
29,T0,0.9479166666666666,0.14634960994359653,0.8084716851435474,0.1364459808435038,0.6458333333333334,0.7412175955386298,0.19012491602516846,0.5208333333333334,0.9444444444444444,0.14628615665536265,0.8070606450808682,0.1360878060917127,0.6354166666666666,0.4359185426976004,0.09877011552002826,0.5833333333333334
29,T1,0.9652777777777778,0.13118749848998304,0.9782170911452747,0.584871381111957,0.19791666666666666,-0.007986863710384115,0.027732549211552875,0.375,0.9652777777777778,0.1310206552856127,0.06354428974575088,0.039653967563134926,0.14583333333333334,0.3125937669350507,0.08238129500359227,0.6979166666666666
29,T2,0.8958333333333334,0.1710971058537094,0.8110631144894294,0.20472930673773862,0.4166666666666667,0.6031541044158811,0.0952882564312775,0.5,0.8958333333333334,0.17321002481073045,0.8429607605217257,0.1888259727975463,0.5104166666666666,0.5791392270403082,0.09083750948926281,0.6666666666666666
29,T3,0.9444444444444444,0.1516427324588277,0.9543650870088316,0.2756540294854002,0.375,0.8952276709599364,0.28084298640568134,0.21875,0.9444444444444444,0.1507154869834781,0.9379006916620891,0.2705080259203725,0.4166666666666667,0.8693331323712994,0.24756984371703494,0.375
29,T4,0.9965277777777778,0.09947672125885196,0.851996844000037,0.1302484568268102,0.53125,0.9462974553986372,0.3026053529187139,0.25,0.9965277777777778,0.10048888862242482,0.9247603810783889,0.14237076556515724,0.5625,0.9549357540420689,0.2671696626860222,0.4270833333333333
29,T5,0.9027777777777778,0.18182560777090667,0.8687665124372629,0.2609116600073657,0.3958333333333333,0.804176067505447,0.2671432181795524,0.2916666666666667,0.9027777777777778,0.1815230636066146,0.8467257953043555,0.2590958597087245,0.34375,0.8004099592987663,0.2567265051855936,0.3645833333333333
29,T6,0.9131944444444444,0.17486372267451075,0.8922928919438567,0.2267986013489742,0.3958333333333333,0.7568995343956373,0.15016406697002233,0.3333333333333333,0.9097222222222222,0.17587509291467837,0.9290002851128818,0.22835479939066608,0.4270833333333333,0.6071712865030072,0.1189909858664904,0.5
29,T7,0.9166666666666666,0.18506609326152423,0.7953178068669369,0.1805272839422603,0.4895833333333333,0.902773458934403,0.27177901592290893,0.16666666666666666,0.9201388888888888,0.18711052390603006,0.8711679940823996,0.18059966224960927,0.4270833333333333,0.7593831300778808,0.2143338461987079,0.3958333333333333
29,T8,0.9131944444444444,0.1677774166305508,0.6778826408811682,0.1409699571857596,0.46875,0.7996024514130095,0.24131261004523535,0.22916666666666666,0.9166666666666666,0.16812328073283386,0.8313739507762637,0.14791801457663525,0.4791666666666667,0.8531829746561642,0.26314835111587626,0.375
29,R0,0.8784722222222222,0.19964641475712808,0.7940560114262717,0.147393673278484,0.5208333333333334,0.820909802348104,0.259889288388121,0.20833333333333334,0.8819444444444444,0.19905016459712133,0.8550970618300581,0.1510127265680198,0.5729166666666666,0.8762478427543763,0.29724488423099477,0.3645833333333333
35,T0,0.9583333333333334,0.16011428009399187,0.8245629689352545,0.12631693905239658,0.6875,0.9363291437669002,0.302705514109651,0.1875,0.9618055555555556,0.16108780425945232,0.7804340477442533,0.12316965855179694,0.6041666666666666,0.5678137592980558,0.1207242333176164,0.5729166666666666
35,T1,0.8854166666666666,0.181028168970294,0.9210156978351249,0.4684364692513301,0.19791666666666666,0.42198054944260543,0.1560045476026487,0.4166666666666667,0.8854166666666666,0.17995468834597647,-0.0016959616137971303,0.02427240736439789,0.25,0.4326952969351259,0.1688275190926815,0.4166666666666667
35,T2,0.8541666666666666,0.21728528770437094,0.5832072797525573,0.12286425961587272,0.3229166666666667,0.2867670861519394,0.06295381229804246,0.5520833333333334,0.8645833333333334,0.21649514659435595,0.5153959505864928,0.0986081116320767,0.5520833333333334,0.4884269126134477,0.08493763718907014,0.75
35,T3,0.9548611111111112,0.13772501411953936,0.9686111645647276,0.24084460617287817,0.3541666666666667,0.9179396784694145,0.26305296982426773,0.22916666666666666,0.9618055555555556,0.13843852083965585,0.7557204951080013,0.199274055823711,0.4270833333333333,0.8781342897479929,0.22612583244536322,0.4270833333333333
35,T4,0.9583333333333334,0.12684587933333116,0.24150493380471139,0.03902193149825965,0.5833333333333334,0.8262909263262981,0.14898182985452657,0.4791666666666667,0.9548611111111112,0.12694571063876328,0.46185783436214495,0.05222580205480205,0.7916666666666666,0.632570463111306,0.09698238951984958,0.7708333333333334
35,T5,0.9444444444444444,0.1497757758926478,0.8041164557193162,0.188810943326925,0.4270833333333333,0.8123325757296456,0.23678225588315768,0.34375,0.9479166666666666,0.15009339551631565,0.6680799827534208,0.17941826057628363,0.4791666666666667,0.7927420272743533,0.1880435974943743,0.5
35,T6,0.9305555555555556,0.16373304148674192,0.8897150302908851,0.17845000601671573,0.53125,0.8007628198875003,0.17591090411656968,0.3854166666666667,0.9305555555555556,0.16344425620635097,0.8739765065148477,0.17722043055511552,0.5208333333333334,0.7602177810858477,0.16510984752217803,0.5416666666666666
35,T7,0.9652777777777778,0.14616088791209658,0.775034105965923,0.11872602635859726,0.3541666666666667,0.9227032964173242,0.2368306590102516,0.3020833333333333,0.9652777777777778,0.1472054370913259,0.7647497947398574,0.11843620794550362,0.6041666666666666,0.8943319479269961,0.21264883487424488,0.4166666666666667
35,T8,0.9583333333333334,0.14416494807715718,0.6997266264668753,0.09240145565635029,0.75,0.8024592650256448,0.18403669448413912,0.4895833333333333,0.9618055555555556,0.1440012164122618,0.5777530672025858,0.09757397822448413,0.5729166666666666,0.7879444804236808,0.16960609952800357,0.5
35,R0,0.90625,0.18647903121030762,0.8179758540272666,0.11874338961120014,0.6770833333333334,0.758847053414227,0.18563547730044058,0.11458333333333333,0.8993055555555556,0.18634685307679755,0.7905012758837529,0.11609170228560661,0.6354166666666666,0.7795843987829049,0.18666814832695447,0.4895833333333333
42,T0,0.9409722222222222,0.1675772922886253,0.8387140726407778,0.14608257524199303,0.5729166666666666,0.8533594049505312,0.3028324688435431,0.1875,0.9409722222222222,0.16810222661954888,0.8253498951240564,0.14366978690681953,0.5833333333333334,0.5161603977318332,0.12242650963618162,0.5416666666666666
42,T1,0.8611111111111112,0.20911209076647244,0.9059012879329649,0.5105150553981543,0.3020833333333333,0.29417037273480184,0.12711352466702938,0.4895833333333333,0.8715277777777778,0.2045065062516939,0.05290043465756009,0.04690447351243862,0.19791666666666666,0.23449621855543237,0.17761793129706677,0.3020833333333333
42,T2,0.8229166666666666,0.24376049810229913,0.6141484034346721,0.15394752942199713,0.3541666666666667,0.2331390624449168,0.05830125380539119,0.5729166666666666,0.8194444444444444,0.24827354255402342,0.6291949748722803,0.14045104822296822,0.4583333333333333,0.3568370561378582,0.07897938369774177,0.71875
42,T3,0.9375,0.15814830638371682,0.9251741957121554,0.2321620555240943,0.46875,0.8956755324764064,0.339738565579313,0.13541666666666666,0.9375,0.15856088875341073,0.9207579116698278,0.21190267171933577,0.4583333333333333,0.869000629124223,0.31740668637494796,0.3333333333333333
42,T4,0.9652777777777778,0.1450422721558175,0.2161265642158511,0.03355695396424493,0.6979166666666666,0.7862955357494044,0.11511802406558233,0.65625,0.9618055555555556,0.1461644099844464,0.3401081420308766,0.04273398528923185,0.8229166666666666,0.6819845170951779,0.09822786172712632,0.7916666666666666
42,T5,0.9479166666666666,0.1520405637648444,0.6564660376221381,0.18394071751408553,0.4479166666666667,0.8839022032176841,0.28286508965283574,0.2708333333333333,0.9409722222222222,0.1521178765365823,0.5747613909158475,0.17663264222144334,0.4375,0.84911829210517,0.22412616036682487,0.46875
42,T6,0.8819444444444444,0.18560106791548436,0.855673688778749,0.17006194280964082,0.5104166666666666,0.6746151594150783,0.1745602242896274,0.4791666666666667,0.8819444444444444,0.1860243482822814,0.873983290361303,0.17335020679571989,0.5208333333333334,0.7189602353261745,0.18937112809864168,0.4375
42,T7,0.9444444444444444,0.15979461922333094,0.6763020046571092,0.12819565705265817,0.5104166666666666,0.8828504072320343,0.2575490135861723,0.4270833333333333,0.9444444444444444,0.16000477144159164,0.8341349762835254,0.13733219422595067,0.5833333333333334,0.8095096910197732,0.2200286134307778,0.4479166666666667
42,T8,0.9583333333333334,0.15018301854917224,0.6783778616723971,0.10647353192998307,0.6875,0.832337056798645,0.21379891336107557,0.13541666666666666,0.9583333333333334,0.14999753832730153,0.7227374336428748,0.11868598018925157,0.6458333333333334,0.8552390661635952,0.2088877553347626,0.4895833333333333
42,R0,0.9027777777777778,0.18836454813248482,0.7335305333530798,0.10748035427832393,0.6041666666666666,0.6355494207738878,0.12968807939406463,0.0,0.9027777777777778,0.18735279904504798,0.7466369247045039,0.10488529503742629,0.6145833333333334,0.8379421115350743,0.18632603986657476,0.4479166666666667
46,T0,0.9201388888888888,0.17334365143005784,0.6773942039363947,0.11389760151686897,0.5104166666666666,0.8258498505903805,0.28092930036380453,0.3854166666666667,0.9236111111111112,0.17478515005719258,0.6282316686756435,0.11232792892608619,0.6770833333333334,0.5168321900065385,0.139097310483595,0.4479166666666667
46,T1,0.875,0.22085972195739578,0.9280980335343418,0.5497679821319237,0.2604166666666667,-0.05025549077239147,0.01908254356919548,0.5416666666666666,0.8715277777777778,0.21934328185597757,0.597120948832149,0.2777123990482851,0.22916666666666666,0.026987049257602064,0.13632340786054042,0.3645833333333333
46,T2,0.7777777777777778,0.27281783711228197,0.5203481584987804,0.15906624866914879,0.2604166666666667,0.15565223431503045,0.03973571490663309,0.6458333333333334,0.7916666666666666,0.2758894672935031,0.6120114918012878,0.15513454065295737,0.2916666666666667,0.23393299876956838,0.05224844328553614,0.7604166666666666
46,T3,0.9375,0.16626526849240267,0.8653949407490343,0.19551878592346525,0.4375,0.8667477499807673,0.31817125644253585,0.15625,0.9409722222222222,0.16735391128901267,0.8669416577408172,0.19319252499594572,0.4791666666666667,0.839394268573326,0.28025697350839796,0.3958333333333333
46,T4,0.9444444444444444,0.15751020578487696,0.26872850962938294,0.0464852323328741,0.6979166666666666,0.8008713923763415,0.12682033739066845,0.5104166666666666,0.9479166666666666,0.15718861974458045,0.09004877784617245,0.02562594919324904,0.75,0.6849906178799698,0.09107274046222923,0.8020833333333334
46,T5,0.9444444444444444,0.16754406271562253,0.5423617402458673,0.14320803538070181,0.4583333333333333,0.8030428421531666,0.27634232784352586,0.28125,0.9479166666666666,0.16736010302446452,0.479597592842463,0.13618999272107846,0.3854166666666667,0.8247234110186525,0.23965642150084168,0.4583333333333333
46,T6,0.875,0.1936961860217012,0.7941577691230995,0.1729469144801887,0.4895833333333333,0.6536538832881654,0.15032735514723805,0.6145833333333334,0.8715277777777778,0.19392179818788366,0.8662632730952984,0.17908281086204134,0.5416666666666666,0.6432173527983007,0.15870907124669797,0.5416666666666666
46,T7,0.9270833333333334,0.16804915980561283,0.795751973040069,0.1332773082713895,0.5208333333333334,0.8546283459138633,0.22018571931315256,0.5729166666666666,0.9236111111111112,0.1676987896124084,0.8320116323430516,0.13675824081849922,0.6041666666666666,0.8259991377625373,0.21130562229401043,0.46875
46,T8,0.9548611111111112,0.15668422657404413,0.6489698872891547,0.09057827072580774,0.7291666666666666,0.840486779242291,0.18464305415678534,0.3645833333333333,0.9548611111111112,0.15661758477116317,0.6815391341205149,0.09647201423353549,0.6875,0.8405817801700272,0.1814571754021351,0.5416666666666666
46,R0,0.8611111111111112,0.1995446238500644,0.5376130477272352,0.07528860238275273,0.6666666666666666,0.6028080296076996,0.1241547611769746,0.0,0.8611111111111112,0.19920581222406583,0.6269359540027025,0.09367583584192657,0.59375,0.6350540587935496,0.12689056919842367,0.5416666666666666
53,T0,0.8402777777777778,0.20939274409503986,0.6230148907516035,0.10096016713081359,0.6354166666666666,0.6860424138656193,0.19763058114371695,0.3541666666666667,0.8402777777777778,0.20927342406716812,0.6278789086599736,0.09986014291477793,0.7083333333333334,0.5328330605495171,0.14337451826725672,0.3958333333333333
53,T1,0.8298611111111112,0.29095293975449205,0.9661621959944046,0.7080128877603894,0.125,0.13912885866950342,0.04012849268064371,0.6458333333333334,0.8472222222222222,0.28912805325652263,0.8386530180226811,0.6922832503413804,0.10416666666666667,0.09506199976106294,0.1259935765342827,0.46875
53,T2,0.7118055555555556,0.35778470926326306,0.6389569299212966,0.22102703027632967,0.25,0.41975481342135984,0.09165769676442652,0.59375,0.6909722222222222,0.36480301125998493,0.7235650629104078,0.21183106626893164,0.3645833333333333,0.3759050994906019,0.09018823621407554,0.59375
53,T3,0.9236111111111112,0.1699071608951541,0.889674327212154,0.19358783024529866,0.4270833333333333,0.7593695585167756,0.20028951427976363,0.5104166666666666,0.9201388888888888,0.1701881566844555,0.9019259539102245,0.20737864427200997,0.375,0.679826638879458,0.1762024820375988,0.5833333333333334
53,T4,0.8923611111111112,0.18432072628095597,0.3585195013102582,0.054933777051738804,0.5729166666666666,0.633167611799933,0.12117817861172633,0.5833333333333334,0.8923611111111112,0.18403478686316432,0.322348032011193,0.04747953672790661,0.7395833333333334,0.6380873027005519,0.11298488782188117,0.625
53,T5,0.9027777777777778,0.17878739983322875,0.6146097049936249,0.1407324074193203,0.53125,0.7961349175506423,0.2693280608275957,0.3333333333333333,0.90625,0.1784365435940645,0.5199343438650139,0.1321765749768515,0.46875,0.8456371866816977,0.2465356989765645,0.4375
53,T6,0.8611111111111112,0.20682603193853055,0.75872573908765,0.1847040193807701,0.46875,0.7121608832124915,0.18456387011593306,0.4375,0.8541666666666666,0.207783575136514,0.8238710165968253,0.18994063489624827,0.5208333333333334,0.6568228428062193,0.18106225127663478,0.4375
53,T7,0.8958333333333334,0.18449373644150338,0.7676464971762229,0.11251099197613243,0.6979166666666666,0.7949609775150464,0.1853227505602071,0.5625,0.8958333333333334,0.18501756361931304,0.7970069846342788,0.12055285787272264,0.65625,0.685682767496333,0.1452016987761235,0.6354166666666666
53,T8,0.9131944444444444,0.17127531468976015,0.5208908662151955,0.07900357117979416,0.8020833333333334,0.928186207103807,0.24964945391538962,0.3958333333333333,0.9097222222222222,0.17193454289994287,0.5767354902343075,0.08912340595874263,0.8125,0.9064649235550054,0.23127088674627866,0.4166666666666667
53,R0,0.8645833333333334,0.20897815820626078,0.38868726649648155,0.05819152146869937,0.6145833333333334,0.7073294074590561,0.18427840904555481,0.052083333333333336,0.8680555555555556,0.20923136048651514,0.49566852509480464,0.07074573043353036,0.7708333333333334,0.7306589209988187,0.1679442807381346,0.5104166666666666
59,T0,0.8159722222222222,0.23401743440841222,0.6084160531800379,0.1181305171021028,0.6041666666666666,0.7602449242080581,0.25970445300740624,0.375,0.8298611111111112,0.2330892349605329,0.5988779650640428,0.11377618872647613,0.65625,0.453154425301148,0.1376272700377344,0.3229166666666667
59,T1,0.7916666666666666,0.3185200375531584,0.929074907423889,0.728608541019382,0.09375,-0.027855629168332025,0.0320343053408632,0.3958333333333333,0.7951388888888888,0.3188110783814381,0.9378667724298133,0.669051375360232,0.15625,-0.1494568166705269,0.009426931545738662,0.28125
59,T2,0.6840277777777778,0.39344639402960024,0.6855619550684416,0.2559944895673756,0.3541666666666667,0.3841362513008788,0.09367969665758515,0.5416666666666666,0.6875,0.39697069056487105,0.7799863138782107,0.2516937027452509,0.34375,0.3499019884131237,0.08759299173113136,0.4895833333333333
59,T3,0.8923611111111112,0.18647858799618253,0.9126783505416982,0.25586587159088187,0.375,0.510121053040039,0.1460501910402558,0.6041666666666666,0.8958333333333334,0.18635866971783474,0.9017292223630239,0.24517559731111252,0.3645833333333333,0.5341495019767171,0.15323265937879504,0.5625
59,T4,0.8402777777777778,0.21719721896875305,0.09836577360023357,0.011547866999361361,0.53125,0.622317148696361,0.13088780098514938,0.4375,0.8402777777777778,0.21640565900886855,-0.08160288900946275,-0.010153825389150068,0.65625,0.6171124550125336,0.11472500132904806,0.6145833333333334
59,T5,0.8368055555555556,0.21840944727710931,0.648400044186919,0.13208052033569195,0.40625,0.5940000864504535,0.21832316060717435,0.3333333333333333,0.8368055555555556,0.21811737446997295,0.6425116654638153,0.1308081045608892,0.6354166666666666,0.6735565776488762,0.19814828722930614,0.4479166666666667
59,T6,0.8263888888888888,0.23200598378402928,0.6767768739089727,0.17240302734343807,0.40625,0.6939410624288201,0.17776751115119804,0.46875,0.8229166666666666,0.2323964497460239,0.8097538321235779,0.18264187590260073,0.5208333333333334,0.6612336001653949,0.18655548918212875,0.46875
59,T7,0.8854166666666666,0.19555219708213575,0.7221743743870942,0.13217998581997717,0.5520833333333334,0.7732396939662446,0.2107232322445822,0.4166666666666667,0.8854166666666666,0.1958603826474548,0.6936957869682128,0.13381713257711386,0.5729166666666666,0.7980417218859167,0.20765250082076275,0.4479166666666667
59,T8,0.90625,0.17273696710345968,0.7639018139329589,0.1290872831510246,0.5416666666666666,0.8805228845025003,0.23017667133520847,0.375,0.90625,0.17305235836977242,0.7837581325072955,0.1387600553158009,0.6145833333333334,0.8705070724068955,0.22117754604159273,0.3854166666666667
59,R0,0.8611111111111112,0.20761392936906506,0.3838978708991184,0.07415652800353349,0.6145833333333334,0.7260649475647236,0.1761299766226582,0.08333333333333333,0.875,0.2048719029738186,0.512526383535948,0.08735046132167111,0.6458333333333334,0.7517016264923626,0.1500421632406437,0.5104166666666666
