layer,position,cond,rank,removed,rho1,rho2,rho3,evr1,evr2,evr3,n_pc_h,c_evr1,c_evr2,c_evr3,c_rho1,acc_rend,acc_dom,r2_short_reward,r2_h,share_h,pc1_rendering,pc1_domain,pc1_both,sub2_rendering,sub2_domain,sub2_both,share_rendering,share_domain,share_cell,share_config,share_prompt,share_horizon,share_horizon×cell,share_horizon×prompt (=residual)
33,T3,none,0.0,0.0,0.37911137396369615,0.4568317597416022,0.21277125122677054,0.22975722132664286,0.15777217923939954,0.0974376589138965,4.0,0.7562213610823812,0.14508111804357968,0.03095269916429841,0.9510489510489512,0.9976851851851852,1.0,0.7150159714058283,0.9528571562967924,,,,,,,,,,,,,,,
33,T3,rend,2.0,0.08857726903057472,0.2022267876519488,0.6641936635148945,0.041624014550074064,0.24205594238712175,0.13211749670553496,0.10079762348663932,1.0,0.7593104363592645,0.14316116501430293,0.030713929667490817,0.9510489510489512,0.3333333333333333,1.0,0.7150060114940332,0.9528244546616551,,,,,,,,,,,,,,,
33,T3,rend+dom,3.0,0.27054450701591537,0.7341065219543809,0.1474342920744711,0.034359572790979634,0.17898770954317386,0.13938063612078191,0.07407492425171099,2.0,0.759406064956163,0.14312123158347356,0.03077409796843297,0.9510489510489512,0.3333333333333333,0.5,0.7149340492329681,0.9527403102851124,,,,,,,,,,,,,,,
33,T3,cell,5.0,0.31215637399304946,0.7294660976478682,0.19536562726364046,0.21758374225148525,0.18775539249015302,0.1418634934662295,0.06375060732712381,1.0,0.7584741079907361,0.14407031147165628,0.03074139061110697,0.9510489510489512,0.3333333333333333,0.5,0.7148997445625342,0.9527544403881231,,,,,,,,,,,,,,,
33,T3,cell+par,10.0,0.3426912559504409,0.7294876059876434,0.18426732393960574,0.21717508379575526,0.19036019730455025,0.14729573241411448,0.0632588026294642,1.0,0.7569116784560355,0.1445764952393333,0.03153345178404261,0.9510489510489512,0.3333333333333333,0.5,-0.00079859985397146,0.952480637168853,,,,,,,,,,,,,,,
33,T3,cell+par orth,10.0,0.5210149885617681,0.7816076903480449,0.030885975917274953,0.17672327376343291,0.12222504558837936,0.10908261073331763,0.05400779165602748,1.0,0.6796341664087152,0.18915328733229145,0.040404790592538674,0.9510489510489512,0.3333333333333333,0.5,-0.0007985998536188532,0.9528404935510888,,,,,,,,,,,,,,,
33,T3,cell+par +cfg(in),15.0,0.35444306467677406,0.7357250245224692,0.19972644315307467,0.19231682010049722,0.19125698555402743,0.14987854665149364,0.06374826885873276,1.0,0.7569116784560361,0.14457649523933294,0.03153345178404254,0.9510489510489512,0.3333333333333333,0.5,-0.000798599854538784,0.9549514101627075,,,,,,,,,,,,,,,
33,T3,cell+par +prompt(in),45.0,0.41119487659154397,0.7537490132541379,0.20661986605104585,0.12568398347673831,0.20938600009696104,0.1605429537642849,0.058226947445348363,1.0,0.756911678456036,0.14457649523933278,0.03153345178404261,0.9510489510489512,0.3333333333333333,0.5,-0.000798599854538784,0.961799907701777,,,,,,,,,,,,,,,
33,T3,  sub-cell plain|climate,0.0,,0.7650803755585079,0.19127009388962699,0.06795121756605169,0.4828270485125374,0.16083142052018756,0.0822464577791815,2.0,,,,,,,,,0.46280212719858305,,,,,,,,,,,,,,
33,T3,  sub-cell plain|investment,0.0,,0.7569494606360743,0.32039676658636906,0.29058341187077946,0.45051019518793023,0.11055095816054891,0.06917127770955343,2.0,,,,,,,,,0.4670717074476749,,,,,,,,,,,,,,
33,T3,  sub-cell structured|climate,0.0,,0.7842461035899584,0.05052782844655126,0.00522701673585013,0.3799099070324154,0.147165011944163,0.07988358350066095,2.0,,,,,,,,,0.48550393235932165,,,,,,,,,,,,,,
33,T3,  sub-cell structured|investment,0.0,,0.8297405085130983,0.0646601329545905,0.13048182518381435,0.3076664754991513,0.1903252797495175,0.07833717923776784,1.0,,,,,,,,,0.3920668386283601,,,,,,,,,,,,,,
33,T3,  sub-cell varied|climate,0.0,,0.6678965829141832,0.07511416642629076,0.3937685941007098,0.30803739412401193,0.11927608706321557,0.09810483041116076,2.0,,,,,,,,,0.2823417043906694,,,,,,,,,,,,,,
33,T3,  sub-cell varied|investment,0.0,,0.5687768581454697,0.530058215657691,0.2996822928554075,0.28980502352340237,0.09719401332703095,0.09121005804049462,3.0,,,,,,,,,0.28699038602022703,,,,,,,,,,,,,,
33,T3,sub-cell ceiling (mean of 6),0.0,,0.7287816482262154,0.20533786732685325,0.19794905971876883,0.36979267397990817,0.13755712846077725,0.08315889777980318,2.0,,,,,,,,,0.3961294493408061,,,,,,,,,,,,,,
33,T3,centroid-direction angles,0.0,,,,,,,,,,,,,,,,,,44.00393888544128,78.9239749034827,80.82369423176085,72.0059276881279,84.94769718188014,86.94089084532186,,,,,,,,
33,T3,canonical 72-row subsample (mean of 50),0.0,,0.8072843253140658,0.21325089638461392,0.34339211193623986,0.2651050591192501,0.186485275094992,0.12108727419886213,2.32,,,,,,,,,,,,,,,,,,,,,,,
33,T3,"canonical all rows, 12 horizons (n=1349)",0.0,,0.8518836952618583,0.06300558597612402,0.4424422051469803,0.247327789882162,0.18345290536012526,0.11475755589645023,2.0,,,,,,,,,0.30819085409154484,,,,,,,,,,,,,,
33,T3,variance budget,,,,,,,,,,,,,,,,,,,,,,,,,0.07941707959274392,0.17014483240446995,0.28901752426821575,0.036105936552679956,0.40386698713882374,0.11556466505225031,0.1693634140378807,0.480568347808926
55,T3,none,0.0,0.0,0.08281248521969908,0.5953078282996771,0.00017206671820208888,0.15560319038106946,0.11049605388836219,0.0797906789726253,1.0,0.7157667819444876,0.1078125277093141,0.0375017682467309,0.9510489510489512,0.9375,1.0,0.13672907544708335,0.7747670381732801,,,,,,,,,,,,,,,
55,T3,rend,2.0,0.042377506674296135,0.078274225527119,0.6404215709782871,0.15768301597738302,0.16018651168480463,0.10516027338731457,0.07778752353222318,1.0,0.7128459425354572,0.1087191361637469,0.038212877925568246,0.9510489510489512,0.3333333333333333,1.0,0.13696653517538215,0.7744888501535488,,,,,,,,,,,,,,,
55,T3,rend+dom,3.0,0.17015181681983163,0.6334797543158217,0.18577290772387403,0.01260388710830301,0.12238271048175278,0.09598238033277537,0.06353126620491549,1.0,0.7124175384997088,0.10872097992880687,0.03859491368503903,0.9510489510489512,0.3333333333333333,0.5,0.13700139265746103,0.773556321268626,,,,,,,,,,,,,,,
55,T3,cell,5.0,0.19791731138055924,0.6316569225198684,0.20614668257599011,0.02251385465975457,0.12759726150219325,0.09337910278600743,0.058210414364736916,1.0,0.7205701101495662,0.10076145538233143,0.03852923517075346,0.9720279720279721,0.3333333333333333,0.5,0.13690069188642484,0.7737024088652128,,,,,,,,,,,,,,,
55,T3,cell+par,10.0,0.21170020192059122,0.6377491597612109,0.17107733457242685,0.02132551888717139,0.12833314530227113,0.09344179353354337,0.0570159327633578,1.0,0.7216309585567994,0.09969507283213294,0.03929059160764659,0.9580419580419581,0.3333333333333333,0.5,-0.000798599852761539,0.7729022168662234,,,,,,,,,,,,,,,
55,T3,cell+par orth,10.0,0.41739700111817796,0.54119284542512,0.08704962815542554,0.020368397767172274,0.09315103600295281,0.05738178846122592,0.05180312528912878,1.0,0.577618462957482,0.13261114028482238,0.06309676082924066,0.9160839160839163,0.3333333333333333,0.5,-0.0007985998548647455,0.7747251800897306,,,,,,,,,,,,,,,
55,T3,cell+par +cfg(in),15.0,0.2277260450846831,0.6473042397063709,0.1611996295306382,0.06313235432533518,0.12855760619016066,0.09448331578284898,0.056384788866074696,1.0,0.721630958556799,0.09969507283213312,0.0392905916076466,0.9580419580419581,0.3333333333333333,0.5,-0.0007985998546320427,0.7846796937126634,,,,,,,,,,,,,,,
55,T3,cell+par +prompt(in),45.0,0.3083795237294632,0.6869010932326265,0.06833737255094838,0.061901001873201474,0.13224124666482853,0.09878808030601409,0.05504875637899724,1.0,0.7216309585567993,0.09969507283213279,0.03929059160764656,0.9580419580419581,0.3333333333333333,0.5,-0.0007985998546320427,0.8143620097647342,,,,,,,,,,,,,,,
55,T3,  sub-cell plain|climate,0.0,,0.5931696029127703,0.1662965694850097,0.3891223570021763,0.4081086837201778,0.14491780144945388,0.07180932394566089,3.0,,,,,,,,,0.33489379343110554,,,,,,,,,,,,,,
55,T3,  sub-cell plain|investment,0.0,,0.6570553630176051,0.3993827972614376,0.17152358622085984,0.25908000147513655,0.1408299835403274,0.09263357933203682,2.0,,,,,,,,,0.3058923427668432,,,,,,,,,,,,,,
55,T3,  sub-cell structured|climate,0.0,,0.7654675619833856,0.035621151088756436,0.37944269638023165,0.21849655629825013,0.1142823066610269,0.10416046403978721,2.0,,,,,,,,,0.3222398664530882,,,,,,,,,,,,,,
55,T3,  sub-cell structured|investment,0.0,,0.0021295253368278306,0.5006320473669791,0.242185108761056,0.2204401272372785,0.13146809264772663,0.09722671440769463,2.0,,,,,,,,,0.2798815757557901,,,,,,,,,,,,,,
55,T3,  sub-cell varied|climate,0.0,,0.5714871631196141,0.03581474430119533,0.07821165782531306,0.29471143461924393,0.1312129290122733,0.09789441366740553,1.0,,,,,,,,,0.23020346210869827,,,,,,,,,,,,,,
55,T3,  sub-cell varied|investment,0.0,,0.7790190868541083,0.0021295253368278306,0.04762393025996785,0.24577896694704907,0.1123555092878577,0.09176022298012108,1.0,,,,,,,,,0.32019347631945433,,,,,,,,,,,,,,
55,T3,sub-cell ceiling (mean of 6),0.0,,0.5613880505373853,0.18997947247336766,0.2180182227416008,0.27443596171618934,0.12917777043311096,0.09258078639545103,1.8333333333333333,,,,,,,,,0.2988840861391633,,,,,,,,,,,,,,
55,T3,centroid-direction angles,0.0,,,,,,,,,,,,,,,,,,50.062382298807044,83.41070932720154,83.41622232940114,82.86537450512267,86.66119741707674,88.55356395387425,,,,,,,,
55,T3,canonical 72-row subsample (mean of 50),0.0,,0.1303929316124802,0.41358902153641663,0.3845500093531887,0.23369985586732234,0.13371187231055243,0.08829423639080035,2.74,,,,,,,,,,,,,,,,,,,,,,,
55,T3,"canonical all rows, 12 horizons (n=1349)",0.0,,0.11075632205060106,0.40349621287219706,0.3761885608850662,0.23105468929293643,0.11934122694376235,0.08112951218043643,3.0,,,,,,,,,0.1808929678803755,,,,,,,,,,,,,,
55,T3,variance budget,,,,,,,,,,,,,,,,,,,,,,,,,0.03770442364405833,0.12354598502267934,0.18920729023271124,0.021269356859263382,0.29332242017393234,0.0800441581067481,0.16285957476779497,0.6266334217193197
33,R0,none,0.0,0.0,0.40200162456951777,0.8054120453943152,0.06045456602331517,0.38018876376360977,0.18344294893104549,0.09740590136582651,3.0,0.8437480480891199,0.10747453568918908,0.019543716019926202,0.9790209790209792,1.0,1.0,0.9009123031639168,0.9880532903295304,,,,,,,,,,,,,,,
33,R0,rend,2.0,0.38061080161131877,0.8261353307677793,0.04652791601883359,0.3756485312598792,0.32648057118166146,0.15623582844283757,0.11186421291291887,2.0,0.8439988088514604,0.10717566226328853,0.019558495212616954,0.9790209790209792,0.3333333333333333,1.0,0.9016610643336221,0.9880796531805506,,,,,,,,,,,,,,,
33,R0,rend+dom,3.0,0.48136976679230686,0.8352064730679957,0.39124207759694346,0.18067543119713714,0.37405171787312125,0.13799023168438074,0.06988549965970517,2.0,0.8438961318760029,0.10728084630754733,0.019568237580774327,0.9790209790209792,0.3333333333333333,0.5,0.9020234456879956,0.988083642510487,,,,,,,,,,,,,,,
33,R0,cell,5.0,0.5108900242535644,0.8366098922383314,0.4206117155600625,0.176954488416017,0.3936763220083035,0.13543198828967715,0.07325320904677694,2.0,0.8438562417051251,0.10741060516577584,0.01946287042655099,0.9790209790209792,0.3333333333333333,0.5,0.9019490770507843,0.9880828964271313,,,,,,,,,,,,,,,
33,R0,cell+par,10.0,0.5405098336198715,0.8489664334392188,0.4218215596724209,0.13109870801516027,0.3959386066251217,0.1399553909035309,0.07546655546590363,2.0,0.8447401145895813,0.10686659657364472,0.019349705085925255,0.9790209790209792,0.3333333333333333,0.5,-0.0007985998545010364,0.9880198986525411,,,,,,,,,,,,,,,
33,R0,cell+par orth,10.0,0.7127469764405693,0.856241629368201,0.4342103633829713,0.24976559564021966,0.2066417320127723,0.16480014832222978,0.08252739822123677,2.0,0.7131307758483098,0.19140232787206327,0.03371580759786211,1.0,0.3333333333333333,0.5,-0.0007985998545245732,0.9880536848326114,,,,,,,,,,,,,,,
33,R0,cell+par +cfg(in),15.0,0.5554347616650311,0.8518377967992163,0.4208536843825342,0.12396869337966124,0.4054754428868085,0.14316880573763588,0.07713883710547828,2.0,0.8447401145895811,0.10686659657364493,0.01934970508592528,0.9790209790209792,0.3333333333333333,0.5,-0.0007985998545727568,0.9902449390790953,,,,,,,,,,,,,,,
33,R0,cell+par +prompt(in),45.0,0.5642745977818511,0.8647911944288673,0.3716479800616806,0.13169556444392377,0.43251711879626953,0.14502357708899877,0.08007475077587806,2.0,0.8447401145895815,0.10686659657364436,0.019349705085925182,0.9790209790209792,0.3333333333333333,0.5,-0.0007985998545725348,0.9912955624422631,,,,,,,,,,,,,,,
33,R0,  sub-cell plain|climate,0.0,,0.9304089789813231,0.10860579217821936,0.10860579217821936,0.5763782763715347,0.0938582508230336,0.08012986487514621,1.0,,,,,,,,,0.6210089587006017,,,,,,,,,,,,,,
33,R0,  sub-cell plain|investment,0.0,,0.8947878278925666,0.0766629121258019,0.16145673917403736,0.5560364980292277,0.13046473003948814,0.0700118690744673,1.0,,,,,,,,,0.6232487863694067,,,,,,,,,,,,,,
33,R0,  sub-cell structured|climate,0.0,,0.9015635903279279,0.1713299930084209,0.14616287539136474,0.6545653655731839,0.0930291416614367,0.053684420735307645,1.0,,,,,,,,,0.6777369922718064,,,,,,,,,,,,,,
33,R0,  sub-cell structured|investment,0.0,,0.8914967432811054,0.21411409295741643,0.032910846114611925,0.6072728307461949,0.10609027667089052,0.059123720563336694,1.0,,,,,,,,,0.648956528355455,,,,,,,,,,,,,,
33,R0,  sub-cell varied|climate,0.0,,0.3755708321314537,0.611754551306904,0.39628530586241545,0.3431470094087366,0.20067734924797123,0.1326167590691028,3.0,,,,,,,,,0.2804819064129539,,,,,,,,,,,,,,
33,R0,  sub-cell varied|investment,0.0,,0.415257440681427,0.6814481077849058,0.3165249023375912,0.37357419927005675,0.18737772608030331,0.11749786469230376,3.0,,,,,,,,,0.3228777117724688,,,,,,,,,,,,,,
33,R0,sub-cell ceiling (mean of 6),0.0,,0.734847568882634,0.31065257489361137,0.19365774350970666,0.5184956965664891,0.13524957908718724,0.08551074983494407,1.6666666666666667,,,,,,,,,0.5290518139804488,,,,,,,,,,,,,,
33,R0,centroid-direction angles,0.0,,,,,,,,,,,,,,,,,,29.086441270754587,23.741087270070157,33.618965962572176,47.749283605008095,38.20035695966744,51.88110088317793,,,,,,,,
33,R0,canonical 72-row subsample (mean of 50),0.0,,0.8982732222839449,0.2293655301153633,0.04544800595721757,0.5924813507244926,0.12075311241879921,0.0552968160026367,1.04,,,,,,,,,,,,,,,,,,,,,,,
33,R0,"canonical all rows, 12 horizons (n=1349)",0.0,,0.8983854897270818,0.23418040092538583,0.003984277806996201,0.5885650101927444,0.11837356894281968,0.05020766231244165,1.0,,,,,,,,,0.6235399993294476,,,,,,,,,,,,,,
33,R0,variance budget,,,,,,,,,,,,,,,,,,,,,,,,,0.37017609595924283,0.09294539663783673,0.4914685532359853,0.03785879257326489,0.5577584817429448,0.18794040297543269,0.056599189223350665,0.25430111528162247
43,R0,none,0.0,0.0,0.3929519906090767,0.09983633615181826,0.03348848503008155,0.46113134905308084,0.2694001380805854,0.04829244821778917,2.0,0.8919850867623893,0.07313162277816047,0.012213956411517837,0.8811188811188813,1.0,1.0,0.8345250793993956,0.9791474188718446,,,,,,,,,,,,,,,
43,R0,rend,2.0,0.28060977562053907,0.42761805724185376,0.10357878727271369,0.22996716887709182,0.6284935136754887,0.06458926712452562,0.05981230154015686,2.0,0.891889503771868,0.07320827064642713,0.012272064839089629,0.8811188811188813,0.3333333333333333,1.0,0.835194915314202,0.9791816132026224,,,,,,,,,,,,,,,
43,R0,rend+dom,3.0,0.31845808035828993,0.43349521108544387,0.13098041214639633,0.11860236260573358,0.6573305336443125,0.06811631658434433,0.04667352269687466,2.0,0.8918342537973105,0.07324463019374733,0.012265279539031625,0.8811188811188813,0.3333333333333333,0.5,0.8358738865352717,0.9791835196303462,,,,,,,,,,,,,,,
43,R0,cell,5.0,0.3323686361121939,0.4306346018953341,0.13956761680166935,0.4942186313559498,0.6701760214189145,0.0687735568047669,0.04568984243247089,3.0,0.8918280094322261,0.07324793386948977,0.01223601997161837,0.8811188811188813,0.3333333333333333,0.5,0.835605001761828,0.9791768576468229,,,,,,,,,,,,,,,
43,R0,cell+par,10.0,0.4034791951385228,0.5597007718017323,0.13362056085380966,0.519711391074578,0.6345011897420801,0.07996144309273585,0.05107221096890142,3.0,0.8896831261707833,0.07559197623389381,0.012015325188558933,0.9020979020979022,0.3333333333333333,0.5,-0.0007985998547717088,0.9792779357654616,,,,,,,,,,,,,,,
43,R0,cell+par orth,10.0,0.8500814019188337,0.11365006737247971,0.5430748251554555,0.6467342687023263,0.19533725966775586,0.11692268258192146,0.08320354812219485,3.0,0.6267081465972668,0.2013467402489381,0.049041727226360576,0.9930069930069931,0.3333333333333333,0.5,-0.0007985998545529949,0.9792594093271608,,,,,,,,,,,,,,,
43,R0,cell+par +cfg(in),15.0,0.43296990435942795,0.5604965803734169,0.13862662693650168,0.48197500893888245,0.6413957940505385,0.07671321117726654,0.05177564761115669,3.0,0.8896831261707833,0.07559197623389381,0.012015325188559137,0.9020979020979022,0.3333333333333333,0.5,-0.0007985998545925188,0.980859176445791,,,,,,,,,,,,,,,
43,R0,cell+par +prompt(in),45.0,0.487874128016258,0.6056103230520271,0.1540857461499706,0.4080777305560291,0.6423828123340187,0.07791917830972975,0.05349165788315933,3.0,0.8896831261707834,0.07559197623389369,0.01201532518855905,0.9020979020979022,0.3333333333333333,0.5,-0.0007985998545925188,0.9840135288129845,,,,,,,,,,,,,,,
43,R0,  sub-cell plain|climate,0.0,,0.3823465945668151,0.02555430404193397,0.6895790227073393,0.8050775528005751,0.07562058221671183,0.037126211884869476,2.0,,,,,,,,,0.38800792364429004,,,,,,,,,,,,,,
43,R0,  sub-cell plain|investment,0.0,,0.3476934095402531,0.42242038954166605,0.38195940814193724,0.8576307166008293,0.061499132533240755,0.02102741616492121,3.0,,,,,,,,,0.4571048235875652,,,,,,,,,,,,,,
43,R0,  sub-cell structured|climate,0.0,,0.5153451315123351,0.6955804122929451,0.15022833285258153,0.42480139190512145,0.2264322176329635,0.08196289658447187,2.0,,,,,,,,,0.4413259272049792,,,,,,,,,,,,,,
43,R0,  sub-cell structured|investment,0.0,,0.3372393760685528,0.7766959683048416,0.09273114875823009,0.7125397214863458,0.07189349336148325,0.06121858256747346,2.0,,,,,,,,,0.3001979762899703,,,,,,,,,,,,,,
43,R0,  sub-cell varied|climate,0.0,,0.5980094332237427,0.04665596419777338,0.41254713570728246,0.5544049590558434,0.1298163017408646,0.06713371224759435,3.0,,,,,,,,,0.36009231884629517,,,,,,,,,,,,,,
43,R0,  sub-cell varied|investment,0.0,,0.36511679865975355,0.1599079934745262,0.3236878511978303,0.6227064305207901,0.11185424988543877,0.0788424584812634,3.0,,,,,,,,,0.25865166863186057,,,,,,,,,,,,,,
43,R0,sub-cell ceiling (mean of 6),0.0,,0.42429179059524197,0.35446917197561434,0.34178881656086685,0.6628601287282508,0.11285266289511713,0.05788521298843228,2.5,,,,,,,,,0.3675634397008267,,,,,,,,,,,,,,
43,R0,centroid-direction angles,0.0,,,,,,,,,,,,,,,,,,35.57631414620551,29.477376164512624,39.05776499060906,48.624132911166186,48.679721124070994,55.69811633331356,,,,,,,,
43,R0,canonical 72-row subsample (mean of 50),0.0,,0.24773367256969137,0.5081361983247805,0.5900570779461133,0.6399369351599987,0.10698491902771565,0.07691200383229925,1.88,,,,,,,,,,,,,,,,,,,,,,,
43,R0,"canonical all rows, 12 horizons (n=1349)",0.0,,0.2836556597041456,0.1269395109164231,0.835417874943494,0.6618380928247509,0.09308148089870485,0.07588703735945874,1.0,,,,,,,,,0.17881914533395474,,,,,,,,,,,,,,
43,R0,variance budget,,,,,,,,,,,,,,,,,,,,,,,,,0.2810353240706066,0.042654675473045696,0.33794432448477196,0.07860733478483478,0.46692499236007734,0.17189126776306632,0.06874721852714694,0.36118373987685637
