layer,position,model,ctx,train_r2,A,F,G,X,A_cent,F_cent
35,T3,line,none,0.03032005190283027,0.02523413013088094,0.014437014167647089,0.012351751983032067,-8.320906805214793,2.437187376741443,2.3935155967129194
35,T3,line,offset,0.7203694124951052,0.6939489182314018,0.7210548940628597,0.6875290388886173,-1.268843001248909,0.6717562560520877,0.4596864122393214
35,T3,line,interaction,0.7289877574994981,0.6997266808073578,0.7262574938676152,0.6926749654562794,-1.282113041555967,0.616921578514328,0.4065905735504023
35,T3,quad,none,0.04024500894115479,0.03708714401126145,0.017774263180734495,0.015099024074220035,-7.615261138133741,2.417357968563429,2.3913197467210874
35,T3,quad,offset,0.7302943695334296,0.7058019321117825,0.7243921430759472,0.6902763109798051,-1.7647435169222705,0.6067047987138124,0.4312473119410945
35,T3,quad,interaction,0.7437502874128735,0.7143094720820067,0.7292208010520104,0.6940392626911116,-2.9337584993356067,0.5146593938570492,0.36812913705019223
35,T3,spline,none,0.04573184734918945,0.03984191411340321,0.018586916558915534,0.01748004314495155,-6.97126563150123,2.412725220602749,2.3904126390081695
35,T3,spline,offset,0.7357812079414645,0.7085567022139241,0.7252047964541282,0.6926573300505366,-0.31164195499600567,0.5910224478029401,0.42088431023807754
35,T3,spline,interaction,0.7550241992052495,0.718160312225204,0.7306428566837169,0.6960317607111348,0.00688153026279581,0.4732683533977143,0.3378647890782709
42,T1,line,none,0.16580501202524034,0.16225218627526972,0.08654560364494479,0.11165123903095842,-1.3307478232969645,1.2734205190797034,1.1356151436878392
42,T1,line,offset,0.45107942949158186,0.4111098674546786,0.39849584696384055,0.3537111013663736,-0.8240991795091417,0.8136391188169104,0.5729289704885363
42,T1,line,interaction,0.5012920219734212,0.46085588062338223,0.43219270002208277,0.387687746736593,-0.6569875313304201,0.6768026808893305,0.46380760789900916
42,T1,quad,none,0.1949441749083186,0.1867100952252091,0.10478428340150725,0.12267434270104227,-2.609588611858101,1.2342077191501062,1.1100867363411187
42,T1,quad,offset,0.48021859237466036,0.43556777640461797,0.416734526720403,0.3647342050364577,-1.8987172500638798,0.7542434627833772,0.5263374110252422
42,T1,quad,interaction,0.5459563650593152,0.49561996864087854,0.4578490779724368,0.39778694027847517,-3.0260040622258266,0.5585993711474239,0.3825565913545497
42,T1,spline,none,0.20954393743266742,0.19593610910170123,0.1042463709801551,0.1285484795845352,-0.5295506867193662,1.2204848948985818,1.1100775859548175
42,T1,spline,offset,0.49481835489900905,0.4447937902811101,0.41619661429905064,0.3706083419199506,0.07293622405315314,0.7347324982135781,0.5216218720018181
42,T1,spline,interaction,0.5728374093680526,0.5069009125005917,0.4590436877065689,0.40654434166951514,0.4045009684967832,0.5080028812381101,0.3577908026310448
35,R0,line,none,0.021100678733444456,0.020601090897691243,0.010710560517933065,0.008219233100747347,-11.095047085440626,3.227045522422775,3.0829923453825696
35,R0,line,offset,0.8225859396566535,0.816460686200823,0.8271972183257885,0.8172085397832832,-0.4604588160598486,0.6638133571107009,0.47021780506337874
35,R0,line,interaction,0.8294814201994452,0.8211970769347247,0.8312095691348657,0.8206394388129508,-0.7273226000565782,0.5930863324545098,0.4089220973062893
35,R0,quad,none,0.02473316741969178,0.024683980058811672,0.012120646482930986,0.009225970071806144,-10.100449106017397,3.2180553710911504,3.076555136314044
35,R0,quad,offset,0.8262184283429007,0.8205435753619436,0.8286073042907864,0.8182152767543422,-0.5699087385603827,0.622405441150327,0.4474322702787716
35,R0,quad,interaction,0.8359183388155063,0.8259117476639175,0.8321344788237957,0.8199996696053942,-2.373140697502255,0.5216635522023029,0.38056270827662503
35,R0,spline,none,0.02788022520711264,0.026699027108316176,0.011554020932104336,0.008812958094025602,-10.423292569105127,3.2147561534395304,3.0780470413987584
35,R0,spline,offset,0.8293654861303217,0.822558622411448,0.8280406787399599,0.8178022647765617,-0.06323560909843362,0.6071765947500781,0.4484531473484084
35,R0,spline,interaction,0.8431812248671828,0.8285197210186691,0.8321934966702366,0.8204417767720464,0.16836961686590124,0.48532783406741387,0.36108502888429034
