layer,position,set,k,m_k
22,R0,activations,3,67.00085332467333
22,R0,activations,4,48.648145396369564
22,R0,activations,5,42.58720167097582
22,R0,activations,7,36.73142392927025
22,R0,activations,10,32.41128400601172
22,R0,activations,15,28.735135486118622
22,R0,activations,20,26.542419098371116
22,R0,activations,30,24.061974354742908
22,R0,activations,50,21.12943802212002
22,R0,activations,75,18.81908749843156
22,R0,activations,100,17.123928985136086
22,R0,activations,150,14.637202347272211
22,R0,activations,200,12.84680252920912
22,R0,activations,300,10.315383848468986
22,R0,gauss,3,73.85209875804686
22,R0,gauss,4,54.76860326421253
22,R0,gauss,5,47.79760754614073
22,R0,gauss,7,41.218529479851526
22,R0,gauss,10,36.77842106627138
22,R0,gauss,15,32.98620306673282
22,R0,gauss,20,30.68793459231055
22,R0,gauss,30,27.70981537079589
22,R0,gauss,50,24.63630181679476
22,R0,gauss,75,22.087161622381497
22,R0,gauss,100,20.39403554214572
22,R0,gauss,150,18.061588102065794
22,R0,gauss,200,16.381965909345787
22,R0,gauss,300,13.906577791516266
22,R0,ref_1d,3,1.5132654283860694
22,R0,ref_1d,4,2.043812009185117
22,R0,ref_1d,5,1.3654109470345916
22,R0,ref_1d,7,1.292558820014727
22,R0,ref_1d,10,1.3510392053711018
22,R0,ref_1d,15,1.1767323109992822
22,R0,ref_1d,20,1.186416679191854
22,R0,ref_1d,30,1.134195864637056
22,R0,ref_1d,50,1.0915483378508204
22,R0,ref_1d,75,1.0607575250169283
22,R0,ref_1d,100,1.0594557934387245
22,R0,ref_1d,150,1.0498429404426295
22,R0,ref_1d,200,1.045591464900516
22,R0,ref_1d,300,1.0384465859130099
29,R0,activations,3,43.56524500311221
29,R0,activations,4,31.44992275821113
29,R0,activations,5,26.99236367230021
29,R0,activations,7,23.05044166425962
29,R0,activations,10,20.610999503702928
29,R0,activations,15,18.254469467316042
29,R0,activations,20,16.910376495669723
29,R0,activations,30,15.003644619916066
29,R0,activations,50,12.816186668678192
29,R0,activations,75,11.104255175104493
29,R0,activations,100,9.890071272719583
29,R0,activations,150,8.13016161310575
29,R0,activations,200,6.869024270780663
29,R0,activations,300,5.083395308003763
29,R0,gauss,3,45.51924937436594
29,R0,gauss,4,34.620218678095235
29,R0,gauss,5,29.87893292179757
29,R0,gauss,7,25.559173423939527
29,R0,gauss,10,22.522551639174566
29,R0,gauss,15,20.145539728140516
29,R0,gauss,20,18.617022805298454
29,R0,gauss,30,16.814411051895657
29,R0,gauss,50,14.705812363866789
29,R0,gauss,75,13.050632810955518
29,R0,gauss,100,11.938562013081743
29,R0,gauss,150,10.426677877377427
29,R0,gauss,200,9.372206063930896
29,R0,gauss,300,7.907923499392505
29,R0,ref_1d,3,1.5132654283860694
29,R0,ref_1d,4,2.043812009185117
29,R0,ref_1d,5,1.3654109470345916
29,R0,ref_1d,7,1.292558820014727
29,R0,ref_1d,10,1.3510392053711018
29,R0,ref_1d,15,1.1767323109992822
29,R0,ref_1d,20,1.186416679191854
29,R0,ref_1d,30,1.134195864637056
29,R0,ref_1d,50,1.0915483378508204
29,R0,ref_1d,75,1.0607575250169283
29,R0,ref_1d,100,1.0594557934387245
29,R0,ref_1d,150,1.0498429404426295
29,R0,ref_1d,200,1.045591464900516
29,R0,ref_1d,300,1.0384465859130099
37,T3,activations,3,77.48719481818557
37,T3,activations,4,55.89511503265677
37,T3,activations,5,47.19278949783527
37,T3,activations,7,39.46019634730123
37,T3,activations,10,34.96463278143661
37,T3,activations,15,30.850442532412895
37,T3,activations,20,28.398381147666203
37,T3,activations,30,25.457739232300202
37,T3,activations,50,21.793892161783273
37,T3,activations,75,19.020624310114325
37,T3,activations,100,17.198313484660304
37,T3,activations,150,14.779044643689282
37,T3,activations,200,13.21521710420128
37,T3,activations,300,11.21968738519213
37,T3,gauss,3,74.23328155620135
37,T3,gauss,4,56.70001007044687
37,T3,gauss,5,50.04469474540259
37,T3,gauss,7,43.11024840293855
37,T3,gauss,10,38.4021315786497
37,T3,gauss,15,34.35852343578621
37,T3,gauss,20,31.796312821314913
37,T3,gauss,30,29.02327977988281
37,T3,gauss,50,25.649696367234856
37,T3,gauss,75,23.167012982464666
37,T3,gauss,100,21.434223771020893
37,T3,gauss,150,18.97363231108078
37,T3,gauss,200,17.201323284277322
37,T3,gauss,300,14.63966092467099
37,T3,ref_1d,3,1.5132654283860694
37,T3,ref_1d,4,2.043812009185117
37,T3,ref_1d,5,1.3654109470345916
37,T3,ref_1d,7,1.292558820014727
37,T3,ref_1d,10,1.3510392053711018
37,T3,ref_1d,15,1.1767323109992822
37,T3,ref_1d,20,1.186416679191854
37,T3,ref_1d,30,1.134195864637056
37,T3,ref_1d,50,1.0915483378508204
37,T3,ref_1d,75,1.0607575250169283
37,T3,ref_1d,100,1.0594557934387245
37,T3,ref_1d,150,1.0498429404426295
37,T3,ref_1d,200,1.045591464900516
37,T3,ref_1d,300,1.0384465859130099
22,T3,activations,3,65.506453661917
22,T3,activations,4,47.76050414147641
22,T3,activations,5,40.33183302763975
22,T3,activations,7,34.41677858913423
22,T3,activations,10,30.365699692980424
22,T3,activations,15,27.297750115098683
22,T3,activations,20,25.23367311201828
22,T3,activations,30,22.437688662319648
22,T3,activations,50,19.28372744679315
22,T3,activations,75,16.90164812870805
22,T3,activations,100,15.350884994451274
22,T3,activations,150,13.283058674287485
22,T3,activations,200,11.827549408008188
22,T3,activations,300,10.024451164885916
22,T3,gauss,3,76.70021437646736
22,T3,gauss,4,53.680833888710474
22,T3,gauss,5,46.904119415390646
22,T3,gauss,7,40.52049588847544
22,T3,gauss,10,36.23249441829894
22,T3,gauss,15,32.50764504462752
22,T3,gauss,20,30.13448234273325
22,T3,gauss,30,27.400021293543986
22,T3,gauss,50,24.035475050486927
22,T3,gauss,75,21.568210505006395
22,T3,gauss,100,19.819270820670965
22,T3,gauss,150,17.384287721679087
22,T3,gauss,200,15.680982082172306
22,T3,gauss,300,13.344187314378829
22,T3,ref_1d,3,1.5132654283860694
22,T3,ref_1d,4,2.043812009185117
22,T3,ref_1d,5,1.3654109470345916
22,T3,ref_1d,7,1.292558820014727
22,T3,ref_1d,10,1.3510392053711018
22,T3,ref_1d,15,1.1767323109992822
22,T3,ref_1d,20,1.186416679191854
22,T3,ref_1d,30,1.134195864637056
22,T3,ref_1d,50,1.0915483378508204
22,T3,ref_1d,75,1.0607575250169283
22,T3,ref_1d,100,1.0594557934387245
22,T3,ref_1d,150,1.0498429404426295
22,T3,ref_1d,200,1.045591464900516
22,T3,ref_1d,300,1.0384465859130099
