t,speed,kappa
-2.5625902246063346,4.494713454699448,0.08130306000863201
-2.55115516138677,4.385429215265368,0.13034769011438724
-2.539720098167205,4.168988948798472,0.19936168469409052
-2.5282850349476402,3.956661553308855,0.22810767234612855
-2.5168499717280755,3.748483182289569,0.26233211279994034
-2.5054149085085107,3.544496482957283,0.30334861611813513
-2.493979845288946,3.344752084955503,0.3528533621105177
-2.482544782069381,3.1493105069560454,0.4130566875367073
-2.471109718849817,2.95824462018228,0.48686679814388967
-2.459674655630252,2.771642861105137,0.578148763496266
-2.4482395924106872,2.5896134615158615,0.6920930986363174
-2.4368045291911224,2.412290073196317,0.8357448518847346
-2.4253694659715577,2.239839321413837,1.018768524448904
-2.413934402751993,2.072471047384505,1.254558808790311
-2.402499339532428,1.910452322181582,1.5618528065658335
-2.3910642763128633,1.7541267643892309,1.9670491389846523
-2.3796292130932986,1.6039412911317579,2.5074614518617273
-2.368194149873734,1.4604831390081319,3.235626590167757
-2.356759086654169,1.32453058240622,4.224270726077168
-2.345324023434604,1.1971205147964397,5.569924300427214
-2.3338889602150394,1.0796329789649917,7.389059490912245
-2.3224538969954747,0.9738823763344661,9.79210190132977
-2.3110188337759103,0.882179501083288,12.809112335861364
-2.299583770556345,0.8072805293042903,16.24503983584174
-2.2881487073367808,0.752085137205123,19.516425290603898
-2.276713644117216,0.71897247095854,21.690378175074844
-2.265278580897651,0.7089066131357312,21.959758705709366
-2.2538435176780864,0.7208194877962438,20.26219054907863
-2.2424084544585217,0.7517802427506269,17.315597688097416
-2.230973391238957,0.7978541045717397,14.036193992340422
-2.219538328019392,0.8550475718547756,11.043746855376515
-2.2081032647998273,0.9198914495577487,8.584117230417089
-2.1966682015802625,0.9896275472899225,6.668866770696733
-2.1852331383606978,1.0621637330980318,5.214260556579521
-2.173798075141133,1.1359464631733849,4.1183759090955
-2.162363011921568,1.209828771244486,3.291464817547337
-2.1509279487020034,1.2829611969872807,2.663230535711601
-2.139492885482439,1.354709556450663,2.1813566521604275
-2.128057822262874,1.424595415962111,1.8077478772999798
-2.1166227590433095,1.492253695189337,1.5148544158067203
-2.1051876958237448,1.557402573669316,1.2827292242315584
-2.09375263260418,1.6198220542330042,1.0968489275615692
-2.082317569384615,1.6793385801205134,0.9465548697399244
-2.0708825061650504,1.7358138925230533,0.8239536603250357
-2.0594474429454857,1.7891368764887305,0.7231447237790232
-2.048012379725921,1.8392175308224665,0.6396765002928877
-2.036577316506356,1.8859824625479924,0.5701615817857351
-2.0251422532867913,1.9293714872377794,0.5120023782117196
-2.0137071900672265,1.9693350402376595,0.46319396616698905
-2.0022721268476618,2.0058321890558557,0.42218115443556214
-1.990837063628097,2.0388290964025195,0.38775388654841597
-1.9794020004085324,2.0682978248908106,0.3589699251558603
-1.9679669371889676,2.0942154038249434,0.3350970625509274
-1.9565318739694029,2.116563099562106,0.3155693856765706
-1.945096810749838,2.1353258461904545,0.29995374207839604
-1.9336617475302735,2.1504918044575425,0.2879237412281539
-1.9222266843107088,2.1620520252169633,0.27923953238353727
-1.910791621091144,2.1700001999770726,0.27373230349255223
-1.8993565578715792,2.1743324860354982,0.2712929676244064
-1.8879214946520144,2.1750473975989886,0.2718648356795247
-1.8764864314324496,2.172145757549049,0.2754402148227413
-1.8650513682128849,2.1656307073704397,0.2820608594935932
-1.85361630499332,2.1555077754255505,0.2918221225476043
-1.8421812417737553,2.1417850064245556,0.30488061609724176
-1.8307461785541905,2.1244731577953884,0.3214652802147946
-1.8193111153346258,2.1035859719119303,0.3418920062908528
-1.8078760521150612,2.079140537036527,0.3665823574799572
-1.7964409888954964,2.0511577546892115,0.39608744312391486
-1.7850059256759316,2.0196629373856236,0.43111862839341347
-1.7735708624563669,1.9846865688526367,0.4725875261946368
-1.7621357992368023,1.946265269722562,0.5216587050406538
-1.7507007360172375,1.904443026433611,0.5798198839165818
-1.7392656727976727,1.8592727612139293,0.6489762607336613
-1.727830609578108,1.810818348884227,0.7315782972598444
-1.7163955463585432,1.7591572250988339,0.8307961253106966
-1.7049604831389784,1.7043837853956636,0.9507592457494121
-1.6935254199194136,1.6466138521077984,1.0953226064524124
-1.6820903566998489,1.58620116138505,1.2566285293748276
-1.670655293480284,1.5249510650475628,1.4151996946829055
-1.6592202302607193,1.4650050424405494,1.5691914679887569
-1.6477851670411545,1.4070263596705797,1.7338375197493652
-1.63635010382159,1.3510771092074283,1.9164044971047771
-1.6249150406020252,1.2972220833872874,2.1183180536872968
-1.6134799773824604,1.2455308151999482,2.3408223086165787
-1.6020449141628956,1.1960774065112376,2.5848764241548
-1.590609850943331,1.1489401349373267,2.8509924823752866
-1.5791747877237663,1.104200773272224,3.1390359986083345
-1.5677397245042015,1.0619435488797926,3.447993100510971
-1.5563046612846367,1.0222536693820383,3.775716554289905
-1.544869598065072,0.9852153489053457,4.118674007255666
-1.5334345348455072,0.9509092902120809,4.471735170259921
-1.5219994716259424,0.9194096161014522,4.828047766601515
-1.5105644084063776,0.8907803007205664,5.179060608757683
-1.4991293451868128,0.8650712265755363,5.514750267112317
-1.487694281967248,0.8423140792988313,5.82408961597589
-1.4762592187476835,0.8225183762487063,6.095759143631958
-1.4648241555281187,0.8056679876929917,6.319048713291366
-1.453389092308554,0.7917185295648594,6.484840292408615
-1.4419540290889892,0.7805959679248862,6.586519571566366
-1.4305189658694244,0.7721966724371649,6.6206551333594215
-1.4190839026498596,0.7663890011433159,6.587317702799928
-1.4076488394302948,0.7630163193893054,6.489983031365911
-1.3962137762107303,0.7619011885545904,6.335048930139755
-1.3847787129911655,0.7628503393986709,6.131072203133433
-1.3733436497716007,0.7656599914414502,5.88787286752809
-1.361908586552036,0.7701210964999164,5.615653663126401
-1.3504735233324712,0.7760241572829374,5.324250160901993
-1.3390384601129064,0.7831633770483791,5.022577376761884
-1.3276033968933416,0.7913400087665153,4.718289746396044
-1.3161683336737768,0.8003648723329733,4.417634150469769
-1.3047332704542123,0.8100600847567382,4.125454621954386
-1.2932982072346475,0.8202600975410359,3.8453008912635536
-1.2818631440150827,0.830812160089106,3.5795965935439
-1.270428080795518,0.8415763333720803,3.329831922095155
-1.2589930175759532,0.8524251705604866,3.096755927757134
-1.2475579543563884,0.8632431664662371,2.880553161311985
-1.2361228911368236,0.8739260597904575,2.680996846077444
-1.224687827917259,0.8843800542417112,2.497576041224494
-1.2132527646976943,0.8945210082872083,2.3295975797414616
-1.2018177014781295,0.9042736294345284,2.176265387604095
-1.1903826382585647,0.9135706977207079,2.036740569104155
-1.178947575039,0.9223523343669734,1.9101857596043483
-1.1675125118194352,0.930565325022168,1.7957969856970972
-1.1560774485998704,0.9381625022877291,1.6928258277476067
-1.1446423853803056,0.9451021889198211,1.6005941734775353
-1.133207322160741,0.9513477009097985,1.5185033552968072
-1.1217722589411763,0.9568669082758378,1.4460390184150291
-1.1103371957216115,0.9616318506337502,1.3827726931601634
-1.0989021325020467,0.9656184042830144,1.3283607570958793
-1.087467069282482,0.9688059975146035,1.282541281311447
-1.0760320060629172,0.9711773710260355,1.245129168638056
-1.0645969428433524,0.9727183806478903,1.216010010492587
-1.0531618796237878,0.9734178399980413,1.1951331993981844
-1.041726816404223,0.9732674011538363,1.182504998983271
-1.0302917531846583,0.9722614719492361,1.1781824312777842
-1.0188566899650935,0.9703971690516253,1.1822689177741987
-1.0074216267455287,0.9676743065480806,1.1949125424378721
-0.9959865635259639,0.964095420373093,1.2163075680700097
-0.9845515003063992,0.9596658295401308,1.2466994663850177
-0.9731164370868344,0.954393735805112,1.2863933015389568
-0.9616813738672698,0.9482903640928814,1.3357649383730725
-0.950246310647705,0.9413701467634038,1.3952743064950675
-0.9388112474281403,0.933650955583924,1.465479861095224
-0.9273761842085755,0.9251543861006829,1.5470534053758824
-0.9159411209890107,0.9159060999574717,1.6407945044002414
-0.9045060577694459,0.9059362315613515,1.7476437426365212
-0.8930709945498811,0.8952798662997589,1.8686939838416634
-0.8816359313303166,0.8839775981900907,2.005198525427173
-0.8702008681107518,0.8720761752697286,2.158574556933499
-0.858765804891187,0.8596292410246664,2.330399596915657
-0.8473307416716223,0.8466981794351431,2.522397559702592
-0.8358956784520575,0.8333530693951375,2.736409764311904
-0.8244606152324927,0.8196737507975924,2.9743445355676457
-0.8130255520129279,0.8057509987383198,3.2380971121890996
-0.8015904887933631,0.7916877931398315,3.529429534537918
-0.7901554255737986,0.7776006574897311,3.8497984100496185
-0.7787203623542338,0.76362102105126,4.200117656409441
-0.767285299134669,0.749896532626987,4.580231514098442
-0.7558502359151043,0.7365936958708459,4.966870609007157
-0.7444151726955395,0.7240267387811116,5.2856149737788956
-0.7329801094759747,0.712688875591179,5.485302976428107
-0.7215450462564099,0.7028514506816258,5.605579681008524
-0.7101099830368454,0.694509652299265,5.688818559930027
-0.6986749198172806,0.6876244985661937,5.737880992933603
-0.6872398565977158,0.6821481033289846,5.752011157621837
-0.675804793378151,0.6780242327720583,5.731532803019204
-0.6643697301585862,0.6751891132879562,5.677805293939043
-0.6529346669390215,0.6735724474765501,5.593110116575157
-0.6414996037194567,0.673098582590315,5.480482928940821
-0.6300645404998919,0.6736877690743691,5.3435113731014825
-0.6186294772803274,0.6752574463565083,5.186120448500744
-0.6071944140607626,0.6777234980810362,5.012365499541268
-0.5957593508411978,0.6810014282179856,4.82624866785907
-0.584324287621633,0.6850074212335485,4.631569185601989
-0.5728892244020682,0.6896592620914874,4.431812295573196
-0.5614541611825037,0.6948771038433954,4.230076756369428
-0.5500190979629389,0.7005840809425171,4.0290373225620675
-0.5385840347433741,0.7067067746158648,3.83093641469681
-0.5271489715238094,0.7131755424853109,3.637598275587061
-0.5157139083042446,0.7199247282714621,3.450458962493677
-0.5042788450846798,0.7268927691665364,3.2706062193147916
-0.492843781865115,0.7340222187291278,3.098824307297523
-0.48140871864555024,0.7412597023536486,2.9356400113391325
-0.46997365542598546,0.7485558208766786,2.7813671222204857
-0.4585385922064207,0.7558650160125172,2.636147632195084
-0.4471035289868559,0.7631454092995889,2.4999886341816957
-0.4356684657672911,0.7703586242547859,2.3727944814623174
-0.42423340254772635,0.7774695995831193,2.254394164174282
-0.41279833932816157,0.7844463996367479,2.1445641196914966
-0.40136327610859723,0.7912600268873173,2.043046847322961
-0.38992821288903246,0.7978842399707112,1.94956577256332
-0.3784931496694677,0.8042953798734018,1.8638368271750054
-0.3670580864499029,0.8104722060317698,1.7855771987137703
-0.3556230232303381,0.8163957434870618,1.714511671990506
-0.34418796001077334,0.8220491417534171,1.650376946569161
-0.33275289679120856,0.8274175456894598,1.5929242764206684
-0.3213178335716438,0.8324879783950253,1.541920744793339
-0.309882770352079,0.8372492359625645,1.4971494611979361
-0.29844770713251423,0.8416917937825089,1.4584089476783004
-0.28701264391294945,0.8458077240196238,1.4255119659273223
-0.27557758069338467,0.84959062383047,1.3982840215508008
-0.2641425174738199,0.853035553873078,1.3765617624866153
-0.2527074542542551,0.8561389866603261,1.3601914614861905
-0.24127239103469034,0.8588987643221974,1.3490277353134916
-0.229837327815126,0.8613140653657956,1.3429326061345712
-0.21840226459556122,0.86338538004956,1.3417749563492323
-0.20696720137599645,0.8651144940189595,1.3454303720086025
-0.19553213815643167,0.8665044798808819,1.3537813182493583
-0.1840970749368669,0.8675596964209197,1.3667175486866248
-0.1726620117173021,0.8682857951910898,1.384136623451953
-0.16122694849773733,0.8686897342116354,1.4059443988865057
-0.14979188527817255,0.868779798539547,1.4320553545115984
-0.13835682205860778,0.8685656274544142,1.4623926363096924
-0.126921758839043,0.8680582479994428,1.496887715211498
-0.11548669561947822,0.867270114588269,1.5354795816541276
-0.10405163239991344,0.8662151543447336,1.5781134175926386
-0.09261656918034866,0.8649088177811017,1.6247387043283383
-0.08118150596078388,0.8633681343369048,1.6753067371326642
-0.0697464427412191,0.8616117721929748,1.7297675262270533
-0.05831137952165477,0.8596601016416348,1.7880660695118045
-0.04687631630208999,0.8575352611293596,1.8501379873136858
-0.035441253082525215,0.8552612248924227,1.9159045153292262
-0.024006189862960436,0.8528638708765081,1.9852668611006934
-0.012571126643395658,0.8503710473660486,2.058099943906527
-0.0011360634238308798,0.847812636450924,2.1342455598535865
0.010298999795733899,0.8452206121287804,2.213505045065738
0.021734063015298677,0.8426290904868424,2.2956315516483423
0.033169126234863455,0.8400743690369538,2.380322104516525
0.044604189454428234,0.837594951906891,2.467209672298663
0.05603925267399301,0.835231557238571,2.5558555613568092
0.06747431589355779,0.8330271028358714,2.6457425257779192
0.07890937911312257,0.8310266658738235,2.7362690731325525
0.09034444233268735,0.8292774123661376,2.826745528608327
0.10177950555225213,0.8278284921316984,2.9163924885651147
0.11321456877181646,0.8267308952516383,3.0043423357486
0.12464963199138124,0.8260372665119831,3.0896444874380267
0.13608469521094602,0.8258016751239592,3.171274988662357
0.1475197584305108,0.8260793381346948,3.248150930774548
0.15895482165007557,0.8269262973946988,3.31914996074808
0.17038988486964035,0.8283990517196879,3.380527644802647
0.18182494808920513,0.8305495582544953,3.404207422898336
0.1932600113087699,0.8333680839640495,3.3559126398133747
0.2046950745283347,0.8367584678040426,3.2525847392869385
0.21613013774789946,0.8406286611639131,3.134374396822979
0.22756520096746424,0.8449126863919129,3.0160302299426833
0.23900026418702902,0.849547681735983,2.8988170510241074
0.2504353274065938,0.8544737937179621,2.7836955073636203
0.2618703906261586,0.8596343206122539,2.671466297667853
0.27330545384572336,0.8649757959822136,2.5627822463400998
0.2847405170652877,0.8704480213367939,2.4581627969013735
0.29617558028485247,0.8760040567422662,2.3580097076441975
0.30761064350441725,0.8816001776781904,2.2626229947273844
0.319045706723982,0.8871958056780472,2.1722164135856556
0.3304807699435468,0.8927534194387687,2.086931984643166
0.3419158331631116,0.8982384521928904,2.006853247841432
0.35335089638267636,0.9036191802623982,1.9320170716173433
0.36478595960224114,0.9088666068937098,1.8624239487802021
0.3762210228218059,0.9139543447268331,1.7980467891627907
0.3876560860413707,0.9188584995914102,1.7388382724938884
0.3990911492609355,0.9235575577508742,1.6847368603657504
0.41052621248050025,0.9280322782296719,1.6356715882549444
0.42196127570006503,0.9322655914535249,1.5915657715592262
0.4333963389196298,0.9362425050995888,1.5523397664733547
0.4448314021391946,0.9399500177844555,1.517912929287571
0.4562664653587589,0.9433770410039928,1.4882049173969587
0.4677015285783237,0.9465143295712913,1.4631364720269153
0.4791365917978885,0.9493544206706804,1.4426298161696582
0.49057165501745326,0.9518915815478559,1.4266087906261615
0.502006718237018,0.9541217657837217,1.4149988359106367
0.5134417814565828,0.956042578046958,1.4077269079985901
0.5248768446761476,0.9576532471811852,1.4047213920181818
0.5363119078957124,0.9589546074541518,1.405912051366928
0.5477469711152771,0.959949087774092,1.4112300223645784
0.5591820343348419,0.9606407086583929,1.4206078386648162
0.5706170975544067,0.9610350867195655,1.4339794473864214
0.5820521607739715,0.9611394464100793,1.451280161969893
0.5934872239935363,0.960962638737623,1.4724464859323545
0.604922287213101,0.9605151666235074,1.4974157371094496
0.6163573504326658,0.9598092165264445,1.5261254028019744
0.6277924136522302,0.9588586958892064,1.5585121614178172
0.6392274768717949,0.9576792758830803,1.5945105144340868
0.6506625400913597,0.9562884388236776,1.6340509824886027
0.6620976033109245,0.954705529507292,1.6770578304608665
0.6735326665304893,0.952951809567145,1.7234462981431125
0.684967729750054,0.9510505137737811,1.7731193256570708
0.6964027929696188,0.9490269069993883,1.8259637767785668
0.7078378561891836,0.9469083403329213,1.8818461796566814
0.7192729194087484,0.9447243045731115,1.9406080241786197
0.7307079826283132,0.9425064790408162,2.002060679572993
0.7421430458478779,0.9402887733477295,2.065980025712272
0.7535781090674427,0.9381073594423431,2.1321009277444345
0.7650131722870075,0.9360006909383127,2.200111726236119
0.7764482355065723,0.9340095064321289,2.269648963348729
0.787883298726137,0.9321768132558113,2.3402926181160644
0.7993183619457014,0.930547847913996,2.411562177681299
0.8107534251652662,0.9291700093523985,2.4829139219859737
0.8221884883848309,0.9280927612326864,2.5537398408317182
0.8336235516043957,0.9273674995835965,2.623368626906449
0.8450586148239605,0.927047382596352,2.691069187394137
0.8564936780435253,0.9271871199693634,2.756057080908792
0.86792874126309,0.9278427201065772,2.817504207008085
0.8793638044826548,0.9290711946473017,2.8745519459576165
0.8907988677022196,0.9309302212464907,2.926327764310171
0.9022339309217844,0.9334777672004839,2.971965070793745
0.9136689941413492,0.9367716783638386,3.010625838258181
0.925104057360914,0.9408692397380674,3.041525220611865
0.9365391205804787,0.9458267160159248,3.063957116465712
0.9479741838000435,0.9516988820959649,3.0773193969888175
0.9594092470196083,0.9585385549920138,3.081137359554687
0.9708443102391726,0.9663961395084611,3.075083922731224
0.9822793734587374,0.9753192004094319,3.0589951640923028
0.9937144366783022,0.9853520734974035,3.032880027301407
1.005149499897867,0.9965355270013443,2.996923377377963
1.0165845631174317,1.0089064829891248,2.951482032749992
1.0280196263369965,1.0224978062596526,2.8970739035880793
1.0394546895565613,1.037338165484965,2.8343608628583876
1.050889752776126,1.053451968455041,2.7641264139258723
1.0623248159956908,1.0708593703369051,2.6872495489545707
1.0737598792152556,1.0895763511013294,2.6046763842266905
1.0851949424348204,1.1096148558748802,2.51739119990771
1.0966300056543852,1.130982990077415,2.426360794084456
1.10806506887395,1.1536846317888485,2.324972490473868
1.1195001320935147,1.177529790130461,2.192774902339688
1.1309351953130795,1.2018306668360905,2.028998003812213
1.1423702585326438,1.2259509545239335,1.8633001767205166
1.1538053217522086,1.2497005716105725,1.7141526510377463
1.1652403849717734,1.2729722553117524,1.5821205149648485
1.1766754481913382,1.2956734969727095,1.4656160544577648
1.188110511410903,1.3177248764242253,1.3631841316953532
1.1995455746304677,1.3390585945265239,1.2735101721512236
1.2109806378500325,1.3596171927037715,1.1954181924283322
1.2224157010695973,1.379352444520021,1.12786257279819
1.233850764289162,1.3982244028891428,1.0699162330089445
1.2452858275087269,1.416200586487401,1.0207571291146045
1.2567208907282916,1.4332552897581627,0.9796544697457329
1.2681559539478564,1.4493690021703225,0.945955672021939
1.2795910171674212,1.464527923860052,0.9190747727072929
1.291026080386986,1.4787235662905565,0.898482733436008
1.3024611436065507,1.4919524280108492,0.8836998110580284
1.313896206826115,1.5042157369287505,0.8742899127750915
1.3253312700456799,1.5155192517085057,0.869856645517336
1.3367663332652446,1.5258731159502246,0.8700406272864897
1.3482013964848094,1.535291759703777,0.8745175706876608
1.3596364597043742,1.5437938436180314,0.8829966722218214
1.371071522923939,1.5514022416338364,0.8952189241549606
1.3825065861435037,1.5581440585989528,0.9109550788369097
1.3939416493630685,1.5640506795205174,0.9300031093672674
1.4053767125826333,1.5691578473771506,0.9521851050669596
1.416811775802198,1.5735057664886978,0.9773436057556928
1.4282468390217629,1.5771392283845254,1.0053374153915233
1.4396819022413272,1.5801077569179742,1.0360369491586487
1.4511169654608924,1.582465769039419,1.0693191670007247
1.4625520286804568,1.58427274716123,1.1050621393061868
1.473987091900022,1.5855934184156821,1.1431392838721606
1.4854221551195863,1.5864979353282418,1.1834133125905177
1.4968572183391515,1.587062051501228,1.2257299350791104
1.5082922815587159,1.5873672848437643,1.2699113868677425
1.519727344778281,1.5875010597157504,1.3157498829811651
1.5311624079978454,1.5875568181147373,1.3630011440177465
1.5425974712174106,1.587634088785405,1.4113782002184625
1.554032534436975,1.5878385019522205,1.4605457473289682
1.5654675976565402,1.5882817363741193,1.510115402096454
1.5769026608761045,1.5890813847312801,1.5596422786333433
1.5883377240956689,1.5903607231368717,1.608623370430902
1.599772787315234,1.5922483709978392,1.65649826456313
1.6112078505347984,1.5948778287201,1.702652720363558
1.6226429137543636,1.598386883025323,1.7464255991337034
1.634077976973928,1.6029168730716452,1.7871195198490233
1.6455130401934932,1.6086118152041682,1.8240154281528418
1.6569481034130575,1.6156173899779243,1.8563909996137968
1.6683831666326228,1.6240798019292142,1.8835424625692065
1.679818229852187,1.634144530102695,1.904809044705116
1.6912532930717523,1.645954995093966,1.9195988599433296
1.7026883562913167,1.659651175726878,1.9274147101973365
1.7141234195108819,1.675368214746456,1.92787803840858
1.7255584827304462,1.693235057355335,1.9207491895442466
1.7369935459500114,1.7133731684209765,1.9059422538394233
1.7484286091695758,1.735895373286469,1.8835330935096148
1.75986367238914,1.760904863156366,1.8537596685749917
1.7712987356087053,1.7884943991550892,1.817014423338333
1.7827337988282697,1.8187457398649638,1.7738291901291539
1.7941688620478349,1.8517293062020292,1.7248537172687877
1.8056039252673992,1.8875040858546808,1.6708294460838518
1.8170389884869644,1.9261177681875339,1.612560482785861
1.8284740517065288,1.9676070904416418,1.550883805043061
1.839909114926094,2.0119983679727014,1.4866406176529363
1.8513441781456583,2.059308175624994,1.4206504668695894
1.8627792413652235,2.1095441443054046,1.3536892999328218
1.8742143045847879,2.1627058362850753,1.2864721838815947
1.885649367804353,2.2187856643819557,1.2196409391129037
1.8970844310239174,2.277769823488904,1.1537565471593008
1.9085194942434827,2.3396392073692533,1.0892958886156827
1.919954557463047,2.4043702887168705,1.0266521669953559
1.9313896206826113,2.4719359457040886,0.9661382729470194
1.9428246839021766,2.5423062232447466,0.9079923255625346
1.9542597471217409,2.6154490217271253,0.8523846728801675
1.965694810341306,2.691330709844431,0.7994257205741523
1.9771298735608704,2.7699166613203294,0.7491740666653443
1.9885649367804357,2.851171717774145,0.5225357852561537
2.0,2.892644473732404,0.33594802885717806
