level,years,True,False,mean
1 week,0.019164955509924708,0.9999996721744537,0.57242209155811,0.7862108818662819
1 month,0.08333333333333333,1.0,0.9379326608031988,0.9689663304015994
3 months,0.25,0.9999998658895493,0.8813177164411172,0.9406587911653332
6 months,0.5,0.9999987781047821,0.890301248698961,0.9451500134018715
1 year,1.0,0.9998689107596874,0.7962751078957808,0.8980720093277341
2 years,2.0,0.7500261292665724,0.6784712370944056,0.7142486831804891
5 years,5.0,0.5413718219316637,0.34428241556438427,0.442827118748024
10 years,10.0,0.327128103506947,0.141558439840093,0.23434327167352
20 years,20.0,0.1510643274485389,0.0682575318940106,0.10966092967127475
50 years,50.0,0.16557642315809618,0.10914642600297127,0.13736142458053374
