base_variant,layout,n,mean_delta,lo,hi
hurry_1,constraint_first,320,0.003081297548327911,-0.008617140996751491,0.013257699640884229
hurry_1,formatted,320,0.007650904470648976,-0.010851604461046525,0.025218786224503662
hurry_1,markdown,320,-0.010687583633332973,-0.02923267668062925,0.005717996674663995
hurry_1,prose,320,-0.01502352477651408,-0.03667528623415664,0.003952702732110525
hurry_1,task_brief,320,0.02547504624990691,0.007121077253247842,0.04466180361396018
hurry_1,user_request,320,-0.011871711226006762,-0.036508397834786606,0.011912166094037903
later_1,constraint_first,320,-0.09758341575355431,-0.12293942323903612,-0.07334531820596675
later_1,formatted,320,-0.11358869490693986,-0.16451959955714868,-0.06751305237879444
later_1,markdown,320,-0.1634971088846408,-0.23912267312919672,-0.08893757928961289
later_1,prose,320,-0.2502049878701112,-0.2965759189183941,-0.2032195215100212
later_1,task_brief,320,-0.34666423954170283,-0.43828978544701264,-0.25477180062496924
later_1,user_request,320,-0.1138810972735497,-0.17988548092678688,-0.05175387746826932
named,constraint_first,320,-0.05988338629705523,-0.08136350495080351,-0.040624262320980764
named,formatted,320,-0.036865003668007656,-0.05273568187103162,-0.021940081217140896
named,markdown,320,-0.05128212298941448,-0.0674865614485445,-0.03320293491352369
named,prose,320,-0.05069514157112046,-0.06742823499325881,-0.03439751463106461
named,task_brief,320,-0.0630148869275893,-0.08565637534642054,-0.04164084162277797
named,user_request,320,-0.0289316683755437,-0.04430600680801017,-0.011513081319626282
neutral_1,constraint_first,320,-0.0034381778058913863,-0.013288377320354004,0.003813199993986926
neutral_1,formatted,320,-0.00026379678676227236,-0.013297348386773933,0.012586730301521912
neutral_1,markdown,320,-0.012796806626270502,-0.026769558212253627,-0.0004070116853672584
neutral_1,prose,320,-0.02644978358504919,-0.04383267825997712,-0.012045702932414889
neutral_1,task_brief,320,0.019340231888084376,0.0071550647351473805,0.0357920347986307
neutral_1,user_request,320,-0.011914455675420656,-0.029574231741761808,0.0033346121188155627
relax_1,constraint_first,320,0.0028399862493053746,-0.0075930990568319106,0.011722309582276793
relax_1,formatted,320,-0.02074908189728732,-0.030453344096514363,-0.011765162756766881
relax_1,markdown,320,-0.03761221706733524,-0.05595933380234665,-0.021947374242935903
relax_1,prose,320,-0.023117822455906423,-0.04844603249246185,0.00038981945459655963
relax_1,task_brief,320,0.01888062877161744,-0.005875834180061561,0.050943870570668154
relax_1,user_request,320,-0.012736887605984154,-0.041310869491056924,0.014043717067244988
sooner_1,constraint_first,320,0.10075189540245524,0.07920467535356185,0.12322187744823991
sooner_1,formatted,320,0.2446977750227811,0.21048110444562268,0.2778001482184075
sooner_1,markdown,320,0.2615544580988375,0.22571562383684424,0.29793015283993546
sooner_1,prose,320,0.22508525051456313,0.17775884972890804,0.2715543947341394
sooner_1,task_brief,320,0.31569993930830786,0.2625763046603167,0.36980771853148214
sooner_1,user_request,320,0.19549532611525738,0.16123841843397346,0.23101753693405638
unit_days,constraint_first,320,-0.11302692157358281,-0.14461267908191608,-0.0861647054316534
unit_days,formatted,320,-0.054581580418279686,-0.09208002159508633,-0.015649876899895138
unit_days,markdown,320,-0.06247928553303508,-0.102566087731302,-0.020419070143648452
unit_days,prose,320,-0.059145734025533594,-0.09366879680537896,-0.027636665149044788
unit_days,task_brief,320,-0.01150324128484884,-0.047025563715720205,0.024819742772116668
unit_days,user_request,320,0.01042751384097842,-0.018635696157704048,0.03907631909081702
unit_months,constraint_first,224,-0.09916815915615329,-0.16230700158641065,-0.03219179337155098
unit_months,formatted,224,-0.057365003496370214,-0.11249554123721413,0.003686671162934102
unit_months,markdown,224,-0.06963410836234175,-0.11930967680799996,-0.012954986305660771
unit_months,prose,224,-0.0673110409822952,-0.1215112604510456,-0.010552039617693885
unit_months,task_brief,224,0.01454024896496063,-0.030713961008300157,0.06433043681163984
unit_months,user_request,224,-0.005448160904349186,-0.05885124733901386,0.0490453097916341
