decoder,A_w2x,A_rmse,mention_pull,mention_slope,mention_w2x,role_pull,role_slope,role_w2x,k,N_from,layer,position
ridge,0.9201388888888888,0.1686587540194928,0.8055614150142715,0.22887472435686881,0.3854166666666667,0.9166368086033194,0.2726100396227529,0.15625,0,-,23,T3
"ridge − N(mention,k=1)",0.9201388888888888,0.16884763808256292,0.8052357903844225,0.22852108337025312,0.3541666666666667,0.9163857347228742,0.27279789714151237,0.15625,1,mention,23,T3
"ridge − N(mention,k=2)",0.9131944444444444,0.1692244338485339,0.9208189662879245,0.23953669244904074,0.4270833333333333,0.9237211635002108,0.27665906550225744,0.15625,2,mention,23,T3
"ridge − N(mention,k=3)",0.9270833333333334,0.1671019670670791,0.49672002129535886,0.0754233688263174,0.46875,0.9115271158472283,0.28426322815557625,0.14583333333333334,3,mention,23,T3
"ridge − N(mention,k=5)",0.9409722222222222,0.1646148321343449,0.37659845211333565,0.046235667681896346,0.6875,0.9138410670156575,0.2864850328577097,0.11458333333333333,5,mention,23,T3
"ridge − N(role,k=1)",0.9201388888888888,0.16775229499029265,0.7855626356643757,0.22966898331489316,0.3645833333333333,0.8514729579569145,0.22451065357052777,0.53125,1,role,23,T3
"ridge − N(role,k=2)",0.9201388888888888,0.1676347363772834,0.7806579146772744,0.22912428324440207,0.3645833333333333,0.856528364468585,0.22559171702682723,0.53125,2,role,23,T3
"ridge − N(role,k=3)",0.9236111111111112,0.1668779197585173,0.7836699425033781,0.23450252168383734,0.3229166666666667,0.4550951585391852,0.10506595223463062,0.4791666666666667,3,role,23,T3
"ridge − N(role,k=5)",0.9270833333333334,0.1658236380668343,0.7375737058403721,0.2279621230294787,0.3958333333333333,0.11611149103515939,0.027509560864205414,0.6354166666666666,5,role,23,T3
"ridge − N(both,k=1)",0.9201388888888888,0.16856460071507376,0.785718664132845,0.22830468497354595,0.3020833333333333,0.8835629141900552,0.24253411657553398,0.3958333333333333,1,both,23,T3
"ridge − N(both,k=2)",0.9201388888888888,0.16779078354170326,0.7763637398711399,0.22913765690491072,0.3645833333333333,0.856738723665715,0.2266060264460999,0.4895833333333333,2,both,23,T3
"ridge − N(both,k=3)",0.9166666666666666,0.16833928220006583,0.9206968570517311,0.2412134398977232,0.4166666666666667,0.835777447538802,0.2241379095230936,0.4791666666666667,3,both,23,T3
"ridge − N(both,k=5)",0.9305555555555556,0.1663312333402244,0.4088420743148467,0.0649345344886473,0.4895833333333333,0.832934205487272,0.21657820569682013,0.5,5,both,23,T3
ridge + control prompts in training,0.9409722222222222,0.15851368070159447,0.3826225077655431,0.03375797377295197,0.8541666666666666,0.40460895122800616,0.051810149430524706,0.8333333333333334,0,data,23,T3
ridge,0.7743055555555556,0.2483203485843937,0.6513442335484707,0.12511565973662764,0.46875,0.8462004064675617,0.2696423802937912,0.2708333333333333,0,-,20,R0
"ridge − N(mention,k=1)",0.7708333333333334,0.24880123067539095,0.6433189431919828,0.12577935690082437,0.5833333333333334,0.8442121727656563,0.2684157996930328,0.2708333333333333,1,mention,20,R0
"ridge − N(mention,k=2)",0.7708333333333334,0.24902537636485575,0.7244537467960375,0.13264898362770716,0.53125,0.8453928985818048,0.26810075653934795,0.2708333333333333,2,mention,20,R0
"ridge − N(mention,k=3)",0.7638888888888888,0.2507283629498161,0.6505030365880274,0.11165039154890838,0.5416666666666666,0.8352210135334907,0.2623818539362917,0.2604166666666667,3,mention,20,R0
"ridge − N(mention,k=5)",0.78125,0.23985941406181788,0.2237109045527519,0.026630045988387967,0.59375,0.8545740596694426,0.26982069869287684,0.3020833333333333,5,mention,20,R0
"ridge − N(role,k=1)",0.7777777777777778,0.2483534012627555,0.6499806804109779,0.12449093295467153,0.46875,0.8280213003672056,0.2613632500157,0.375,1,role,20,R0
"ridge − N(role,k=2)",0.7777777777777778,0.2482681727315506,0.6500620865684401,0.12448065075582983,0.46875,0.8320045535515687,0.26164159845805907,0.375,2,role,20,R0
"ridge − N(role,k=3)",0.7708333333333334,0.24881481819325427,0.6739344422442486,0.1307785722021583,0.5520833333333334,0.3710600521760613,0.09097015020014158,0.4375,3,role,20,R0
"ridge − N(role,k=5)",0.7569444444444444,0.24582700729877738,0.7089933607246629,0.1354323738511675,0.5416666666666666,0.4249459355440819,0.04624550328368351,0.75,5,role,20,R0
"ridge − N(both,k=1)",0.7777777777777778,0.2483364198827868,0.6499806804109779,0.12450380074275325,0.46875,0.8293716706971684,0.2620995544028151,0.3645833333333333,1,both,20,R0
"ridge − N(both,k=2)",0.7708333333333334,0.24898334197475996,0.6347645128119901,0.1251554590727841,0.5729166666666666,0.8222194579947516,0.25718501779838177,0.3645833333333333,2,both,20,R0
"ridge − N(both,k=3)",0.7743055555555556,0.24981254292771685,0.7185382326871131,0.13146057153275373,0.5416666666666666,0.7955513404231205,0.24863808050566405,0.3854166666666667,3,both,20,R0
"ridge − N(both,k=5)",0.7569444444444444,0.25123041276384306,0.678594944758963,0.11953622837830631,0.5833333333333334,0.4011007026823234,0.09005267288797189,0.4479166666666667,5,both,20,R0
ridge + control prompts in training,0.7777777777777778,0.23832966969574557,0.43287724230557956,0.05481467045022724,0.7395833333333334,0.6450427277669442,0.08710586238580571,0.6666666666666666,0,data,20,R0
