layer,site,A_w2x,G_w2x,A_w2x_restated,A_w2x_not_restated,rho_within_short,rho_within_long,m0_slope,m0_w2x,aug_slope_heldout4,aug_w2x_heldout4,behavior_dlogloss,m0_elapsed_planning_slope,m0_frequency_slope,m0_future_event_slope,m0_mention_slope,m0_option_age_slope,m0_role_slope,m0_elapsed_planning_w2x,m0_frequency_w2x,m0_future_event_w2x,m0_mention_w2x,m0_option_age_w2x,m0_role_w2x,aug_elapsed_planning_slope,aug_frequency_slope,aug_future_event_slope,aug_mention_slope,aug_option_age_slope,aug_role_slope
2,T3,0.25,0.2361111111111111,0.3898305084745763,0.21397379912663755,0.8312098538498915,0.4651337710384729,0.20501708806588612,0.19166666666666668,0.19477229106248733,0.19895833333333332,0.00809567195436553,0.20091665855202243,0.16841922402776244,0.21608735777518237,0.24367731262370798,0.2007210367178919,0.20028093869874944,0.19583333333333333,0.21666666666666667,0.25,0.16666666666666666,0.21666666666666667,0.10416666666666667,0.20166580424676514,0.17510469293749167,0.19849292299218738,0.21536776714027864,0.20382574407350515,0.15583895844644138
2,R0,0.2013888888888889,0.19444444444444445,0.15254237288135594,0.21397379912663755,0.7899697652809269,0.5084673280800283,0.1835357851388056,0.1875,0.16566639472066738,0.1916666666666667,0.012245351158774759,0.16878558655656176,0.18341725047112611,0.14927468915803582,0.1861030727229217,0.16914620785300635,0.244487904071182,0.2,0.125,0.225,0.20416666666666666,0.20416666666666666,0.16666666666666666,0.17175593697355418,0.1743476710169264,0.1454109961204283,0.1561268512929756,0.17115097477176067,0.1462161522229535
2,MEAN,0.5138888888888888,0.5972222222222222,0.5084745762711864,0.5152838427947598,0.9313940482164097,0.6551328818706051,0.016731212357369886,0.5666666666666667,0.014417944014309389,0.6083333333333333,0.07726181904577317,0.03718764958809543,0.011218190450411076,0.012055337316057629,-0.000744020761235522,0.023956901756822725,0.016713215794067964,0.5625,0.575,0.5291666666666667,0.55,0.5416666666666666,0.6416666666666667,0.018193109891784475,0.009989373578640366,0.012245404616663931,-0.00766604649476673,0.017243887970148787,-0.00437239641483817
4,T3,0.2986111111111111,0.2708333333333333,0.423728813559322,0.2663755458515284,0.8778597621511258,0.5578238241157184,0.22575389524176795,0.19722222222222222,0.20050159149492397,0.2375,0.010316246339315716,0.21983693555275552,0.18987352572836275,0.23446832511029267,0.27556241509559937,0.21730630815544388,0.21747586180815362,0.20833333333333334,0.17083333333333334,0.22083333333333333,0.21666666666666667,0.24583333333333332,0.12083333333333333,0.20294565537604756,0.18360231286166107,0.20701976562491559,0.22288933342477413,0.20843863211707164,0.1541353381209168
4,R0,0.22569444444444445,0.2569444444444444,0.22033898305084745,0.22707423580786026,0.7954877068410641,0.587926363810925,0.19606520578009076,0.1625,0.16102727911117848,0.19791666666666669,0.008102138952507137,0.16866901585498317,0.1796313502302244,0.1494152938909647,0.22731678108173806,0.1586487479626191,0.29271004566001524,0.10416666666666667,0.20833333333333334,0.22916666666666666,0.18333333333333332,0.21666666666666667,0.03333333333333333,0.1700375569716302,0.16837586571063218,0.14665225422494654,0.18244061334293515,0.15904343953750505,0.16726552741991677
4,MEAN,0.5451388888888888,0.6388888888888888,0.5084745762711864,0.5545851528384279,0.933274063102693,0.7495672169774334,0.014882500613876746,0.6006944444444445,0.00786364139945408,0.64375,0.0805342148762239,0.03009451831745156,0.008133264821789856,0.004402811349905157,0.0019463290287966165,0.023797867405294215,0.02092021276002308,0.6458333333333334,0.6166666666666667,0.55,0.5541666666666667,0.5625,0.675,0.008783656782785804,0.006432384127751393,0.004311372644905306,-0.007940159526210236,0.011927152042373814,-0.0022532815332761687
6,T3,0.3680555555555556,0.3402777777777778,0.4067796610169492,0.35807860262008734,0.8975491198396965,0.7795725144689003,0.3168893998522917,0.1875,0.2601204434541309,0.22395833333333334,0.00979549866795193,0.3556467408374425,0.35806868980272144,0.31480494959112576,0.3006453331535415,0.36165889027827075,0.21051179545064838,0.2125,0.19583333333333333,0.20416666666666666,0.17916666666666667,0.17916666666666667,0.15416666666666667,0.2744716511010725,0.2731532961866421,0.242705903039958,0.1382678730636372,0.25015092348885104,0.12253128540401366
6,R0,0.3715277777777778,0.2916666666666667,0.3898305084745763,0.36681222707423583,0.8708803117453308,0.7360566282953328,0.28969172961324136,0.1763888888888889,0.21629135605886485,0.24375000000000002,0.010664927639169208,0.40725534805141994,0.2710208942866465,0.254848738998429,0.28558047322888935,0.2828050970886509,0.2366398260254123,0.18333333333333332,0.17916666666666667,0.25,0.13333333333333333,0.18333333333333332,0.12916666666666668,0.33295100426726015,0.16686033569260686,0.20210498496194126,0.13573160404690784,0.163249099313651,0.1268825730503688
6,MEAN,0.59375,0.6597222222222222,0.559322033898305,0.6026200873362445,0.9547828501705522,0.8248691484984532,0.050171456085645945,0.6180555555555555,0.045751716840223375,0.68125,0.08513819973196371,0.07164193137810633,0.055677840518677434,0.045436042882661024,0.037397926299366495,0.07700505477435476,0.013869940660709621,0.6208333333333333,0.5458333333333333,0.5958333333333333,0.6416666666666667,0.5708333333333333,0.7333333333333333,0.0453515885362909,0.04198032043755332,0.04185771337803376,0.0067995039656955246,0.05381724500901553,-0.006326762063321424
8,T3,0.7083333333333334,0.625,0.6271186440677966,0.7292576419213974,0.9650739975971527,0.874049393039865,0.3004240266752039,0.18819444444444444,0.1930794579999542,0.22604166666666667,0.0068189962028091244,0.3756651943327592,0.19333131983685223,0.2585902330943988,0.3395647862649678,0.3350003169112629,0.30039230961098273,0.225,0.13333333333333333,0.22916666666666666,0.18333333333333332,0.2375,0.12083333333333333,0.2829294634798437,0.10845377229976107,0.19360613728260476,0.08104182342351048,0.1873284589376073,0.10303360637453851
8,R0,0.5625,0.5486111111111112,0.5254237288135594,0.5720524017467249,0.9475983411256977,0.8628239961456501,0.41144660701437125,0.16944444444444443,0.2459336615457007,0.29062499999999997,0.011764105567197869,0.6983578127319496,0.22895482176446655,0.31649710883778515,0.5227941987793282,0.4284441198707976,0.2736315801019001,0.125,0.2,0.2833333333333333,0.1,0.15,0.15833333333333333,0.40642655364742336,0.13467040339380348,0.2286824201332305,0.08775460145239691,0.21395526900834547,0.08217840231384195
8,MEAN,0.6458333333333334,0.6597222222222222,0.559322033898305,0.6681222707423581,0.9703579858918179,0.8582049914680087,0.06719468112279442,0.61875,0.05365064388873238,0.7052083333333333,0.0728016805654284,0.07566240434310127,0.06429195720257175,0.08107698731846492,0.06488703446949119,0.09003387066809644,0.027215832735040947,0.6166666666666667,0.6125,0.6,0.5791666666666667,0.5833333333333334,0.7208333333333333,0.04332340666692943,0.0390701766364901,0.06794611399929165,0.008711157606119648,0.06426287825221834,0.0005020213243558293
10,T3,0.6631944444444444,0.6319444444444444,0.576271186440678,0.6855895196506551,0.9613857383482569,0.8561082064498691,0.2970067102365782,0.21319444444444444,0.19281803420165322,0.15104166666666669,0.0075137329652850415,0.3631226430602544,0.20793501236478673,0.25926102999755557,0.3284504631546619,0.3257034148377467,0.2975676980044642,0.20833333333333334,0.25416666666666665,0.35833333333333334,0.2,0.18333333333333332,0.075,0.2687293549511717,0.11376908579371929,0.19206387838562414,0.08049004440968861,0.19670981767609774,0.1083926017435007
10,R0,0.5694444444444444,0.4930555555555556,0.5254237288135594,0.5807860262008734,0.9353600687127583,0.8377051193921088,0.3865950769474071,0.17083333333333336,0.22746339078041938,0.24375,0.010954629336240057,0.6294865852552952,0.2472553479468554,0.3128353319989426,0.4755557777762165,0.3910868080277829,0.2633506106793495,0.15833333333333333,0.2916666666666667,0.2375,0.14583333333333334,0.15833333333333333,0.03333333333333333,0.34535181463262477,0.16034198483173473,0.18684873450416262,0.082406507855691,0.2173110291531553,0.08337528716750288
10,MEAN,0.6979166666666666,0.7013888888888888,0.6101694915254238,0.7205240174672489,0.9725595700075347,0.8662760943784136,0.06234101206667034,0.6284722222222223,0.05447370460827932,0.7322916666666666,0.07223542710545086,0.07186316275374233,0.059780840074209016,0.07317968357620945,0.04828530526516407,0.07615348435795338,0.044783596372743754,0.6958333333333333,0.5833333333333334,0.625,0.6625,0.5916666666666667,0.6125,0.04611250510460065,0.04087405957797382,0.07048286991793588,0.004048746039120902,0.06042538383260692,0.002987441452030192
12,T3,0.7291666666666666,0.7291666666666666,0.6271186440677966,0.7554585152838428,0.9742065637130689,0.8985605060200322,0.23108676856628255,0.28750000000000003,0.13316174246108392,0.2260416666666667,0.006334067775300017,0.29424649099113026,0.12549066002066872,0.19452225899020936,0.234587279180047,0.2587844677649535,0.27888945445068664,0.2708333333333333,0.25833333333333336,0.3125,0.32916666666666666,0.19583333333333333,0.35833333333333334,0.20102646623255965,0.040842408998914066,0.14715480969780947,0.038088593711992094,0.1436232849150525,0.06497203390083457
12,R0,0.4756944444444444,0.4861111111111111,0.4576271186440678,0.48034934497816595,0.9313660856747198,0.8657412622578444,0.41368964564113747,0.17430555555555557,0.21315697562569463,0.21041666666666667,0.010936460883225085,0.6186574806371258,0.24912192065982708,0.3374106958131122,0.5333633610945283,0.4431684903352927,0.30041592530693867,0.12083333333333333,0.225,0.21666666666666667,0.10416666666666667,0.2,0.17916666666666667,0.33047602822046457,0.14530590163018162,0.17446361763142096,0.054278875800546904,0.2023823550207115,0.06985823565073408
12,MEAN,0.7222222222222222,0.7222222222222222,0.711864406779661,0.7248908296943232,0.9766421010942579,0.8592321122450105,0.06581699790155006,0.6486111111111111,0.04701891617229769,0.7416666666666667,0.06958180226384637,0.0712124893345461,0.061598497149246666,0.07464799867476898,0.06122882760209838,0.07089517934051498,0.055318995308125306,0.6791666666666667,0.5791666666666667,0.6,0.6333333333333333,0.6458333333333334,0.7541666666666667,0.04250337795477735,0.03799983573437737,0.05977599089226351,0.005487999889460657,0.04779646010777253,0.009006956490330589
14,T3,0.7013888888888888,0.6527777777777778,0.6101694915254238,0.7248908296943232,0.9664217921066051,0.891291651290481,0.24464543868095348,0.28472222222222227,0.13642205488835352,0.2791666666666667,0.006079534316163815,0.307713281447221,0.14462929342511538,0.2019580248213883,0.26283460856860735,0.2749201774098559,0.27581724641353284,0.2375,0.3625,0.3875,0.2375,0.1375,0.3458333333333333,0.20084713979406407,0.05231388033995011,0.14643879391481046,0.048715379945320866,0.14608840550458937,0.08307989485515198
14,R0,0.3993055555555556,0.4375,0.4067796610169492,0.39737991266375544,0.9191017148895364,0.8286190509801699,0.4038199005636722,0.17777777777777778,0.21269763515520818,0.2375,0.011197109240677156,0.5931624970208061,0.25159321711100846,0.31509188167783636,0.5186913274371222,0.4361117164516473,0.3082687636836125,0.13333333333333333,0.30833333333333335,0.25,0.10833333333333334,0.175,0.09166666666666666,0.313973252025221,0.1579614919201903,0.16730241350417538,0.07450148706045659,0.2115533831712461,0.09500649819833576
14,MEAN,0.6979166666666666,0.6805555555555556,0.711864406779661,0.6943231441048034,0.9725427924825207,0.7991789737979407,0.06283991619123654,0.6430555555555556,0.05089931547867369,0.7260416666666667,0.07986894344660449,0.06310595376469437,0.06747740450727574,0.08768797285235284,0.05505871974910646,0.0673312070600735,0.03637823921391624,0.6875,0.575,0.5416666666666666,0.6875,0.6541666666666667,0.7125,0.04237383277795527,0.04022230333484084,0.06791383990897713,0.007737590205895837,0.05308728589292153,0.007292502595824042
16,T3,0.6527777777777778,0.6041666666666666,0.5423728813559322,0.6812227074235808,0.9593025289923603,0.8819989431955949,0.2344727170536979,0.29375,0.13412925070280324,0.34270833333333334,0.007012386440159585,0.2953730576894113,0.14205710241955088,0.1859420755802335,0.2376006024198157,0.2629160256418692,0.2829474385713068,0.15416666666666667,0.5291666666666667,0.42083333333333334,0.18333333333333332,0.1375,0.3375,0.19194703989298192,0.05850945517056348,0.14265936205278562,0.04828941070602939,0.143401145694882,0.08357309338448725
16,R0,0.3923611111111111,0.4444444444444444,0.3728813559322034,0.39737991266375544,0.9093334669925368,0.8227419752916447,0.3659788715758215,0.16666666666666666,0.2023128922026103,0.25104166666666666,0.009519325060020317,0.5271277818129823,0.2337917490915492,0.2851692969289949,0.4696477408926201,0.39836954069736447,0.28176712003141813,0.1,0.3,0.2833333333333333,0.10833333333333334,0.1625,0.04583333333333333,0.28849267858671485,0.1510696108130466,0.1630996870742343,0.08557958418134806,0.20658959233644547,0.09469081004712408
16,MEAN,0.7395833333333334,0.6875,0.7288135593220338,0.74235807860262,0.9741953786963928,0.8441291824766705,0.05162334606667889,0.6777777777777779,0.038589691651647884,0.7572916666666667,0.08907140220269028,0.05491077521766269,0.050577693809688504,0.0685734834550298,0.04035811578413727,0.05878349493449201,0.036536513199063016,0.7416666666666667,0.625,0.6125,0.7,0.675,0.7125,0.037823837103783495,0.02950071309266235,0.045101097719668186,0.0015189253869582295,0.0419331186904775,0.002601014603244853
18,T3,0.78125,0.7430555555555556,0.6949152542372882,0.8034934497816594,0.9755487657141834,0.9209809116197935,0.11836004360182406,0.3354166666666667,0.0972678579505031,0.5489583333333333,0.006585990462185942,0.18086895678651374,0.10380087970718964,0.12501814764910785,0.1308999701277784,0.1818568247342246,-0.012284517393869822,0.2,0.4166666666666667,0.15833333333333333,0.25416666666666665,0.30833333333333335,0.675,0.1312430356800106,0.053294074419883854,0.0856818173962922,0.01942611647249037,0.11885250430582579,-0.007507755400044225
18,R0,0.3888888888888889,0.3958333333333333,0.3728813559322034,0.3930131004366812,0.9208475095757083,0.8224684815936265,0.32385252904340794,0.22708333333333333,0.18938881090871962,0.24687499999999998,0.010198985058333554,0.5069456099289151,0.19828444609698234,0.25827443853601945,0.3775887220202677,0.34741075513407416,0.25461120254418884,0.15833333333333333,0.3541666666666667,0.2916666666666667,0.14583333333333334,0.16666666666666666,0.24583333333333332,0.31369829389708664,0.11373710959624957,0.14244183941968738,0.07085332434330653,0.1876780007218549,0.09193738174068733
18,MEAN,0.8159722222222222,0.8055555555555556,0.7796610169491526,0.8253275109170306,0.9787616617543511,0.8643069397526822,0.044328156245306345,0.71875,0.03381681544747307,0.7916666666666667,0.09294637851200328,0.03450786960219252,0.04533989235713657,0.0757875728865385,0.03547287587056479,0.051953714954557764,0.02290701180084791,0.825,0.6375,0.6541666666666667,0.7291666666666666,0.725,0.7416666666666667,0.016212171829944038,0.01943273385631632,0.0656885482487386,-0.0011324015015490353,0.03393380785489334,-0.005639426952710353
20,T3,0.8611111111111112,0.8611111111111112,0.8305084745762712,0.868995633187773,0.9806015969975456,0.9272530337610115,0.09503039308794348,0.4145833333333333,0.06979039763748762,0.41770833333333335,0.004673085095380669,0.13926699939454149,0.054899057583573246,0.10936611924820024,0.09181982978810344,0.1309042592838977,0.04392609322934479,0.3125,0.2625,0.38333333333333336,0.5291666666666667,0.45416666666666666,0.5458333333333333,0.0940883867272146,0.009684397646748048,0.08354884931249978,0.010238557563753482,0.09183995686348806,0.005794253066569535
20,R0,0.6631944444444444,0.6597222222222222,0.5932203389830508,0.6812227074235808,0.967140429428035,0.9329417026797907,0.23051385583420247,0.34652777777777777,0.12604591482248767,0.44895833333333335,0.008477227423448086,0.4004353506241117,0.10039207323023759,0.18483831687440333,0.292786873487329,0.23854506710029727,0.1660854536888359,0.23333333333333334,0.5458333333333333,0.2916666666666667,0.18333333333333332,0.35833333333333334,0.4666666666666667,0.2670921386073654,0.030865148897851757,0.09637698940997101,0.040687158895508016,0.10984938237476247,0.03462716470241314
20,MEAN,0.8472222222222222,0.8888888888888888,0.7966101694915254,0.8602620087336245,0.983618755245884,0.8985787389332335,0.05748019813671074,0.7270833333333333,0.03399040406231385,0.828125,0.088341769627219,0.04474549480567592,0.04681744311263188,0.08262901049633539,0.05790474019021954,0.07648910558689148,0.036295394628510204,0.7958333333333333,0.625,0.6958333333333333,0.7125,0.7166666666666667,0.8166666666666667,0.01913961002003576,0.009357178938344911,0.06315406245185555,0.004821025607463345,0.0443107648390192,0.005106426994172211
22,T3,0.8923611111111112,0.8472222222222222,0.8983050847457628,0.8908296943231441,0.9826931951159489,0.9183067510169486,0.09730815865185553,0.35555555555555546,0.06397953130418742,0.6239583333333334,0.004211578281310829,0.12560667281698068,0.07498548965530971,0.12342431525388031,0.10393198020939036,0.11765082304859828,0.03824967092697383,0.49166666666666664,0.36666666666666664,0.2875,0.2,0.5333333333333333,0.25416666666666665,0.0823932443151422,0.028959620156071255,0.07812463844393339,0.003673423173801309,0.06644062230160282,0.0022834654966104443
22,R0,0.9131944444444444,0.9166666666666666,0.8813559322033898,0.9213973799126638,0.9836718840750948,0.9547239563175095,0.2066503335846264,0.45625,0.1084187276860887,0.6645833333333333,0.007394534611612491,0.27747258180827783,0.05885133276067076,0.17703876209283687,0.18551152578863989,0.20988847764121404,0.3311393214161191,0.3958333333333333,0.7875,0.45416666666666666,0.5208333333333334,0.4791666666666667,0.1,0.16800884328030996,0.02587002207171978,0.13209951824743627,0.033028158762070034,0.10769652714488884,0.029141095399043263
22,MEAN,0.9027777777777778,0.8819444444444444,0.864406779661017,0.9126637554585153,0.9843989101590319,0.9134020973658216,0.030616019233441188,0.8048611111111111,0.01775067647426744,0.88125,0.08943888018814264,0.020896821709069428,0.01515047720149935,0.04587078594023421,0.027631623167969997,0.045216570975301705,0.028929836406572443,0.8333333333333334,0.7666666666666667,0.7083333333333334,0.8375,0.8208333333333333,0.8625,0.00848354155771105,-0.005210416434772998,0.037875333875896554,0.0011754758050542833,0.02985424689823516,0.00407015031872178
24,T3,0.8541666666666666,0.8194444444444444,0.864406779661017,0.851528384279476,0.9791699148630233,0.8999644403365258,0.09713075525170432,0.5194444444444444,0.04086264542098701,0.753125,0.004345055391360125,0.08025007267621632,0.07260088927808203,0.10951173756605775,0.10625589699992369,0.10119021764060658,0.11297571734933952,0.7625,0.6708333333333333,0.275,0.4166666666666667,0.6458333333333334,0.3458333333333333,0.04243562603758586,0.018961114305426068,0.060054766553746065,0.0007295373553075963,0.041999074787190054,-0.00039157104133664223
24,R0,0.9826388888888888,0.8680555555555556,1.0,0.9781659388646288,0.9842926525006102,0.9582854520294801,0.1462680440872813,0.5013888888888889,0.08430010173087901,0.5739583333333333,0.008895192666511037,0.199912484781983,0.020343362993588392,0.14442915717933574,0.12148054518959622,0.1637195497024566,0.2277231646767278,0.36666666666666664,0.8416666666666667,0.3958333333333333,0.6416666666666667,0.35833333333333334,0.4041666666666667,0.14353497745090188,-0.013580315336186885,0.11971425318241101,0.016004329745076127,0.08753149162639008,0.01567392908564967
24,MEAN,0.9131944444444444,0.9583333333333334,0.9322033898305084,0.9082969432314411,0.9837445866834885,0.929799563971448,0.024853338455617113,0.8152777777777778,0.025380355216286794,0.8479166666666667,0.08425295445674945,0.011150826306232207,0.0049838582864881785,0.05771378231775964,0.00816507707955883,0.02504476875972493,0.0420617179839389,0.8958333333333334,0.8416666666666667,0.48333333333333334,0.8833333333333333,0.8625,0.925,0.013580702840525908,-0.0008676355167885756,0.0662076705557384,0.0015075161970398276,0.022600682985671444,0.004725220271009345
26,T3,0.8125,0.7916666666666666,0.864406779661017,0.7991266375545851,0.979762720746849,0.8521638195606728,0.07282048170411769,0.6194444444444446,0.01009333402178173,0.8135416666666666,0.002923023549620596,0.0372234903209068,0.033323127207159846,0.09682804658418678,0.09428797056896318,0.07306102948900163,0.1021992260544879,0.8083333333333333,0.8041666666666667,0.4875,0.6125,0.7416666666666667,0.2625,0.003448745707900473,-0.009680763063695844,0.03623112209743063,-0.0006969889007072787,0.01037423134549166,-0.0008597860316395876
26,R0,0.9652777777777778,0.9444444444444444,0.9830508474576272,0.9606986899563319,0.9844268727007217,0.9521105720920019,0.1466312691688317,0.5354166666666668,0.06997246592553225,0.6874999999999999,0.009164616195813546,0.17083701175923288,0.03606339862622999,0.12863013940536716,0.11344866734647029,0.163859075165502,0.2669493227101879,0.5541666666666667,0.8,0.5916666666666667,0.5916666666666667,0.3875,0.2875,0.11246896514696178,-0.003190028411504957,0.0820149574892624,0.004249449170893855,0.08859596947740976,0.00735107453218894
26,MEAN,0.9131944444444444,0.8888888888888888,0.9661016949152542,0.8995633187772926,0.9834537762499136,0.9218257032647831,0.013648329267730864,0.8638888888888888,0.012122438758235266,0.8916666666666667,0.09985623757011608,-0.0028629586554144615,-0.017158613763052312,0.041196148642268664,0.010226251916464769,0.02165260349001527,0.028836543976103256,0.9208333333333333,0.8291666666666667,0.7208333333333333,0.9166666666666666,0.8541666666666666,0.9416666666666667,-0.0037698376302451467,-0.017695816877565756,0.052191991166563555,0.00184767818014905,0.017763418374188406,-5.1217810448125895e-05
28,T3,0.7708333333333334,0.6944444444444444,0.6949152542372882,0.7903930131004366,0.9743268026423354,0.8229364596991244,0.06555801897231985,0.5993055555555556,-0.00264503837023153,0.7104166666666667,0.015593706775597849,0.016102237815816746,0.0349256830443233,0.05610110990166896,0.0801666257492652,0.09369662650683293,0.11235583081601191,0.6916666666666667,0.6208333333333333,0.5166666666666667,0.575,0.6,0.5916666666666667,-0.02496548741027861,-0.011718412996741995,0.011167702055652332,-0.0023264256365794793,0.014936044870442151,0.0004816489763072
28,R0,0.9583333333333334,0.9097222222222222,0.9152542372881356,0.9694323144104804,0.9842479124339065,0.9528034227936482,0.12291390742263186,0.586111111111111,0.035028529894349236,0.8145833333333333,0.00958808477317033,0.12897166409042293,0.02161230514098033,0.09505254425499912,0.0939101804988338,0.10884973716350448,0.28908701338705056,0.25,0.8625,0.7083333333333334,0.7458333333333333,0.65,0.3,0.06074713490958137,-0.014433316858958562,0.04282061158562235,0.004334354306542496,0.050979689941151804,0.005750804127865182
28,MEAN,0.8472222222222222,0.8472222222222222,0.8305084745762712,0.851528384279476,0.982416365953219,0.898682058774707,-0.0013318018957511257,0.8652777777777779,0.0016261508704006637,0.90625,0.10730249533073609,-0.015513972150700125,-0.03041171204179236,0.03044788415361012,-0.0032857199010545434,0.009575858056333958,0.0011968505090961996,0.8958333333333334,0.8083333333333333,0.7666666666666667,0.9041666666666667,0.8541666666666666,0.9625,-0.015405367304343848,-0.02369403475004975,0.032363932485625434,0.0014432454715336816,0.01324007305037082,0.0037741424854885164
30,T3,0.7430555555555556,0.7291666666666666,0.7457627118644068,0.74235807860262,0.9648885127372764,0.8231674099330064,0.033661048424540756,0.5180555555555555,0.017649735569237567,0.659375,0.018348845106868072,0.01922818681943019,0.007011325392842677,0.04725811169183277,0.03180513129327781,0.025818412594670288,0.07084512275519078,0.5708333333333333,0.45,0.49583333333333335,0.5875,0.525,0.4791666666666667,0.0076423953542195866,0.011416662124150618,0.02738503944426819,-0.006627363569837812,0.02415484535431187,-0.004409661924100956
30,R0,0.90625,0.8680555555555556,0.9152542372881356,0.9039301310043668,0.9838116967835442,0.9366916051615074,0.1339385101203714,0.48333333333333334,0.04644636397679143,0.7510416666666666,0.010791519540041983,0.13285424435556684,0.05637028293592719,0.09553102251213032,0.11014898474205528,0.12467034747332147,0.28405617870322714,0.7416666666666667,0.325,0.6541666666666667,0.45,0.44583333333333336,0.2833333333333333,0.07347256617357255,-0.00037047772267501756,0.05292889216020564,0.007649474310483813,0.059754475296062544,0.009557559450007325
30,MEAN,0.8819444444444444,0.9236111111111112,0.8813559322033898,0.8820960698689956,0.9830287456162274,0.9166414782779042,-0.005722264147407873,0.8951388888888889,0.012611552110752385,0.9104166666666667,0.10109564474624062,-0.0030269462155158894,-0.04093782561687413,0.016966386289407852,0.001213643518805644,0.008946085407432055,-0.01749492826770276,0.9375,0.775,0.8625,0.9291666666666667,0.9333333333333333,0.9333333333333333,0.0035734405232497354,-0.015325943438239497,0.04545047161475048,0.002473665955488028,0.016748239743248818,0.0026482247577466547
32,T3,0.6736111111111112,0.6319444444444444,0.6440677966101694,0.6812227074235808,0.9621994483114326,0.7457322275674446,0.027689172523957837,0.5784722222222222,0.037575235499096665,0.6739583333333333,0.01897952602280084,0.03608697550668745,-0.0012158461580625921,0.07523360871079406,0.029417666923485852,0.05611776688482565,-0.029505136723983378,0.5791666666666667,0.5541666666666667,0.5708333333333333,0.6,0.5125,0.6541666666666667,0.018480599724050972,0.0007500923466025318,0.09402678830680807,-0.006086411193651532,0.037043461618925105,-0.007532315943759029
32,R0,0.9444444444444444,0.9236111111111112,0.8983050847457628,0.9563318777292577,0.9834873312999416,0.9518127678430488,0.08751312107229188,0.6354166666666666,0.03399566821391362,0.7572916666666666,0.018298356503913177,0.09852341891395286,0.0037391861130572227,0.0855793426068713,0.08075837495146712,0.08434179245521035,0.17213661139319242,0.775,0.5708333333333333,0.5875,0.75,0.6458333333333334,0.48333333333333334,0.06391870407919459,-0.020556568145583088,0.05217430554717558,0.0011751658613711692,0.04044623137486741,0.004399310020454088
32,MEAN,0.9236111111111112,0.9375,0.8813559322033898,0.9344978165938864,0.9843150225339621,0.9476070425313018,0.010601527204448458,0.9298611111111111,0.008871657530421915,0.9385416666666666,0.12420308183273188,-0.005611942282572525,-0.0100679061555164,0.045198068235867535,0.012762600675521828,0.02710539821286,-0.005777055459469693,0.9666666666666667,0.9,0.825,0.9833333333333333,0.925,0.9791666666666666,-0.007598354769300789,-0.017840298183512116,0.04148227922969476,0.0011170932565627931,0.019443003844805802,0.00025111463768067506
34,T3,0.7465277777777778,0.6388888888888888,0.7796610169491526,0.7379912663755459,0.9657842461560758,0.8346480676120384,0.036845649710559085,0.5715277777777777,0.010187929159715125,0.6645833333333333,0.0209151650042404,0.01755793667400276,0.016745123526756788,0.057959192947002434,0.07367520184660963,0.0717442743546244,-0.01660783108564151,0.7041666666666667,0.5083333333333333,0.5541666666666667,0.5208333333333334,0.575,0.5666666666666667,-0.009483275154605652,-0.02082499424972591,0.047378546432929464,-6.887790164681914e-05,0.0236814396102626,-0.0034276044250072684
34,R0,0.9166666666666666,0.8958333333333334,0.864406779661017,0.9301310043668122,0.9817200986651409,0.946926347105123,0.04793126611996775,0.7631944444444443,0.00033954051630182957,0.8458333333333333,0.03551779278215628,0.042189852561919455,-0.02010380628971283,0.0399222551017116,0.056389913645410364,0.06276150926975099,0.10642787243072688,0.7791666666666667,0.7541666666666667,0.7958333333333333,0.8291666666666667,0.85,0.5708333333333333,0.007253843380858589,-0.0520208635426934,0.028226974870134366,-0.0005557417137168045,0.01789820735690776,0.0013129360183514048
34,MEAN,0.9236111111111112,0.9305555555555556,0.9322033898305084,0.9213973799126638,0.9844268727007217,0.9184769248734932,0.008938159038533743,0.8895833333333334,0.013029364793971022,0.9395833333333333,0.13073783617713058,-0.01483179825143302,-0.010390525061735368,0.025543537772386736,0.023687951323382323,0.04204557619350643,-0.012425787744904637,0.9208333333333333,0.8,0.8208333333333333,0.8916666666666667,0.925,0.9791666666666666,-0.013073380034993977,-0.004459174813748542,0.041801836137157475,-0.00013222797199455045,0.027848177887469135,-0.0007320893164199568
36,T3,0.6423611111111112,0.5763888888888888,0.6101694915254238,0.6506550218340611,0.9447648035677895,0.789181259725941,0.048945416227553384,0.5180555555555556,0.0205201942450984,0.6041666666666667,0.022819649724685143,0.026769195899682866,0.02057155916997879,0.09813394783468535,0.054781086598758376,0.05002047821628087,0.04339622964593402,0.5583333333333333,0.43333333333333335,0.425,0.5583333333333333,0.5541666666666667,0.5791666666666667,-0.002685524037465588,-0.023164765270275625,0.07679521271476863,0.00032886019555648506,0.03113585357336618,-0.0022742700477789953
36,R0,0.9513888888888888,0.9652777777777778,0.8983050847457628,0.9650655021834061,0.9836439215334049,0.9511746158810062,0.03692978694229445,0.7083333333333335,0.005701501477322912,0.8291666666666666,0.03938036950007523,0.0010698521660641917,-0.021000869262896904,0.025894032936253874,0.036160990443473866,0.04542408299109434,0.13403063237977733,0.6875,0.7083333333333334,0.7375,0.8041666666666667,0.8666666666666667,0.44583333333333336,-0.005945558246072781,-0.04531153798908504,0.05732166543366776,0.0007424503827131391,0.016741436710781713,0.001615678171319928
36,MEAN,0.9513888888888888,0.9236111111111112,0.9661016949152542,0.9475982532751092,0.9843597626006658,0.9263535433764183,-0.0012142954500502662,0.8923611111111112,0.008675747806686885,0.9208333333333334,0.12657447607403,-0.010893849533621084,-0.019110370094967855,0.023841361528356045,0.010745342934338686,0.027292885280545954,-0.039161142814953344,0.9291666666666667,0.7875,0.85,0.9541666666666667,0.9125,0.9208333333333333,-0.008646228883763084,-0.015763524934035173,0.03433145598604915,-0.002343532125032132,0.024781289058496647,-0.004835038142154075
38,T3,0.6493055555555556,0.6527777777777778,0.6101694915254238,0.6593886462882096,0.9624725491352704,0.693039108415932,0.038478938546450014,0.5152777777777778,0.0018865329064882996,0.5635416666666667,0.027544623641436616,-0.009170718744284677,0.021536364403341255,0.0864062511525402,0.04320840948142694,0.032056522913243235,0.05683680207243312,0.5416666666666666,0.4583333333333333,0.4708333333333333,0.575,0.49583333333333335,0.55,-0.02486840103478345,-0.02334164219773241,0.05183061539576147,-0.00010157621794453153,0.003925559462707591,0.0016717778008468493
38,R0,0.9201388888888888,0.9097222222222222,0.864406779661017,0.9344978165938864,0.9835208863499695,0.9374513098782248,0.04669723452044244,0.6715277777777778,0.002951016636100059,0.8072916666666667,0.04800961179228154,-0.009109479208753945,-0.00024112056725705117,0.051076402219734494,0.004765037253898038,0.044143890949493655,0.18954867647553944,0.6291666666666667,0.5208333333333334,0.6958333333333333,0.7791666666666667,0.8875,0.5166666666666667,-0.017918911666070046,-0.023350251595064635,0.03652590743830075,-0.0006517187967116793,0.016547322367234163,0.0006678930532143666
38,MEAN,0.9166666666666666,0.9097222222222222,0.9661016949152542,0.9039301310043668,0.98433925673676,0.9222572155438785,-0.0012687383750327856,0.8812500000000001,0.004899325618839083,0.9197916666666667,0.10281532631075183,-0.017378061586011632,-0.01590748234188795,0.00981356603717035,-0.003270152949983196,0.022796348281794155,-0.0036666476912784467,0.925,0.8916666666666667,0.725,0.8875,0.8958333333333334,0.9625,-0.0216253685801039,-0.013448100096011717,0.027542637170368048,-0.0019639124165450584,0.0271281339811039,-0.0023065463522983307
40,T3,0.6006944444444444,0.4930555555555556,0.6440677966101694,0.5895196506550219,0.9367954791861725,0.6935496299855661,0.07259399136606286,0.4708333333333334,0.03568049616431497,0.5197916666666667,0.02783592410148042,0.044105154824997855,0.05004915651866446,0.11377011322818,0.07810682329418474,0.08598167490461632,0.06355102542573378,0.5333333333333333,0.4125,0.45416666666666666,0.5041666666666667,0.425,0.49583333333333335,0.01589808746159896,0.03351369512780152,0.05746636393090725,-0.0014689031979897953,0.03584383813695216,0.0003937006900902834
40,R0,0.8958333333333334,0.8611111111111112,0.8983050847457628,0.8951965065502183,0.9822346094322347,0.9150369819161972,0.00756855052671454,0.6513888888888889,-0.0150090167134595,0.8614583333333333,0.03837342803926558,-0.03236666968561295,-0.03638790561787072,-0.05237213480521565,-0.0023600751504447228,0.028623315877550272,0.14027477254188103,0.7291666666666666,0.5541666666666667,0.6125,0.825,0.8041666666666667,0.38333333333333336,-0.031929470416311265,-0.02621019581512202,-0.009633518454536116,-0.0014438792000342495,0.007737117832131392,0.00043294422417751444
40,MEAN,0.90625,0.8958333333333334,0.9152542372881356,0.9039301310043668,0.9838116967835442,0.9379192879837226,0.003679629177439813,0.8958333333333334,0.011746532233762487,0.9125,0.10427839374869949,-0.022280275710884534,-0.00778525667000901,0.040111302604583614,-0.012008825356603966,0.014100588985745868,0.009940241211806906,0.9458333333333333,0.8791666666666667,0.7791666666666667,0.925,0.9,0.9458333333333333,-0.02119340208240506,-0.0019850941350134828,0.044337317495663095,-0.0021802201761563487,0.025827307656805396,-0.00242098308846143
42,T3,0.5138888888888888,0.5138888888888888,0.5254237288135594,0.5109170305676856,0.9159018680354907,0.6819474195518591,0.0871451648845763,0.4284722222222222,0.015956203978983393,0.521875,0.02260795207006422,0.03443694320071004,0.11035587017188206,0.148596798216694,0.10687040257918327,0.05512908645282511,0.06748188868616325,0.4666666666666667,0.425,0.30833333333333335,0.4166666666666667,0.5083333333333333,0.44583333333333336,0.003558888149073124,0.021733226162381918,0.04070564038154337,-0.006910366931246622,-0.002172938777064841,0.0019023624164041589
42,R0,0.8402777777777778,0.8541666666666666,0.864406779661017,0.834061135371179,0.9809007961936272,0.8896446114646378,0.02104544104750374,0.6006944444444444,-0.017081357870882465,0.7833333333333333,0.034193424325673544,-0.009663097149795099,-0.008517085608418207,-0.057984901888904775,-0.006487686920525209,0.04454733730625397,0.16437808054641176,0.7041666666666667,0.5958333333333333,0.525,0.675,0.7375,0.36666666666666664,-0.01998508898551058,-0.018504894387273638,-0.05589576202622325,-0.0006296828040660759,0.026060313915477598,-0.0005302148949366164
42,MEAN,0.9166666666666666,0.8888888888888888,0.9322033898305084,0.9126637554585153,0.9839347319669797,0.9244937862298943,0.009628514670540753,0.9194444444444444,0.008272384033894709,0.94375,0.10364938639260685,-0.009817556984728724,0.008507934240828479,0.021340082010794004,0.0021096278659642437,0.023832344024777206,0.011798656865609315,0.9416666666666667,0.9083333333333333,0.8583333333333333,0.9541666666666667,0.8958333333333334,0.9583333333333334,-0.00528810039968603,0.0031439216730004904,0.016433710336749972,-0.003262619441237209,0.018800004525514405,-0.0036476162924704045
44,T3,0.5451388888888888,0.5416666666666666,0.5254237288135594,0.5502183406113537,0.9190840052797996,0.739934161169458,0.0784844316180641,0.4263888888888889,0.015478014937939908,0.5104166666666666,0.021009751903694363,0.03600599395826338,0.06343343360966554,0.10252047757763907,0.10592328960218533,0.07438425186289407,0.0886391430977372,0.45416666666666666,0.39166666666666666,0.3375,0.4375,0.48333333333333334,0.45416666666666666,-0.006098679672049464,0.0026708579515264965,0.037955945337483726,-0.001259723115962236,0.027383936134798875,-0.00012398192529895224
44,R0,0.84375,0.8333333333333334,0.864406779661017,0.8384279475982532,0.9806854846226152,0.8831050732631353,0.03031033662958855,0.6013888888888889,-0.019526310117695782,0.73125,0.02922806732469696,-0.0009360541851383302,-0.003634587285072775,-0.03726125189605032,-0.0012945063899212988,0.044403415837229246,0.18058500369648478,0.7041666666666667,0.5875,0.55,0.6958333333333333,0.7541666666666667,0.31666666666666665,-0.020521568007347068,-0.02216578315523972,-0.04236241073027491,-0.0012472327063226612,0.00694452142207857,0.0007625965677960533
44,MEAN,0.9236111111111112,0.8819444444444444,0.9322033898305084,0.9213973799126638,0.9835656264166732,0.9288332195717836,0.013378970533493538,0.9013888888888889,0.00888567282965241,0.9364583333333334,0.1018155940872391,-0.0024668219548016376,0.008058426048456338,0.020102510819898344,0.004402811355653687,0.025000317988005855,0.02517657894374864,0.9333333333333333,0.9,0.8208333333333333,0.9291666666666667,0.8958333333333334,0.9291666666666667,-0.0004102967894921718,0.00014039153275792308,0.017280401729596006,-0.0031147596866446105,0.018532194845747883,-0.004772543117024956
46,T3,0.5625,0.5277777777777778,0.4576271186440678,0.5895196506550219,0.9302298743973875,0.7546541997605727,0.06407301441892121,0.4624999999999999,0.021581059372195965,0.5302083333333333,0.02066261009046616,0.03572947570068148,0.030343209653276314,0.09462350057198252,0.07793312376420412,0.04955776217637678,0.09625101464700606,0.4708333333333333,0.4083333333333333,0.42916666666666664,0.4666666666666667,0.5125,0.4875,0.0019152742231903024,0.0013023836661665202,0.06042605414670451,-0.003603239164054102,0.022680525452722537,-0.0012472456879419804
46,R0,0.8125,0.8263888888888888,0.864406779661017,0.7991266375545851,0.9798438121177496,0.8770882119067342,0.04338772128734936,0.5840277777777777,-0.018011032623920398,0.7197916666666666,0.03066702281318942,0.024149499365968385,0.0071499525416148105,-0.021390200584584133,0.0072445496619805445,0.059974135573893396,0.18319839116522316,0.5625,0.5708333333333333,0.6208333333333333,0.7333333333333333,0.725,0.2916666666666667,-0.005362522828712568,-0.03168364928015299,-0.043996704592610084,-0.001822478789434872,0.00899874620579405,0.0010435021227150187
46,MEAN,0.8993055555555556,0.8819444444444444,0.8813559322033898,0.9039301310043668,0.984113692233795,0.9306200450655027,0.012642815924408211,0.8909722222222222,0.009880277840225927,0.9302083333333333,0.10326139197488865,-0.004943694294967906,0.004749348135965131,0.019290763128873407,0.009507361267381163,0.024140238088179125,0.023112879221018345,0.9,0.8958333333333334,0.825,0.9291666666666667,0.8666666666666667,0.9291666666666667,-0.0003748766323804119,0.00102068590253176,0.01927632965269493,-0.003079863634725575,0.019598972438057433,-0.004533415313096178
48,T3,0.5416666666666666,0.4722222222222222,0.5084745762711864,0.5502183406113537,0.9226809202258417,0.7581184532688036,0.04011088527435469,0.4194444444444445,0.007511690649830379,0.46875,0.01981817372469999,0.019645002016451654,-0.009670894153809338,0.07171557239914299,0.07320710757630286,0.043218802595386366,0.042549721212653616,0.44583333333333336,0.3541666666666667,0.36666666666666664,0.4625,0.42083333333333334,0.4666666666666667,-0.01197227665097472,-0.020799270233601442,0.026395096659945067,-0.003489730196574805,0.03642321282395261,-0.003971809694472565
48,R0,0.7951388888888888,0.8055555555555556,0.8305084745762712,0.7860262008733624,0.9771985556738866,0.8627632197683125,0.0392147836304255,0.5736111111111111,-0.012623575463214508,0.7010416666666667,0.02656992340492198,0.011928329066901121,0.01984498552385375,-0.019406434320988774,0.010697344952135363,0.07242304006036324,0.13980143650028828,0.6875,0.6291666666666667,0.6166666666666667,0.6791666666666667,0.6958333333333333,0.13333333333333333,-0.01137186072356054,-0.00980127241938032,-0.03902492596288131,-0.0021493553885787724,0.009703757252964134,-5.856770070970876e-05
48,MEAN,0.9131944444444444,0.9027777777777778,0.9152542372881356,0.9126637554585153,0.9838899919002759,0.933658863932372,0.011991750980267194,0.9104166666666668,0.011920841012611113,0.9270833333333334,0.09449563044873992,-0.0050272160251152356,-0.000996171233283403,0.03397960624831127,0.009560722218324729,0.016295242504479474,0.018138322168886323,0.9291666666666667,0.9041666666666667,0.8166666666666667,0.9541666666666667,0.9166666666666666,0.9416666666666667,-4.5298299247746915e-05,-0.0010009254572815158,0.03580630139322299,-0.002206931680345248,0.012923286413750727,-0.004613406573082479
50,T3,0.5347222222222222,0.4791666666666667,0.4915254237288136,0.5458515283842795,0.9150005421083535,0.7222117695378766,0.0528822542741463,0.4152777777777778,0.025322727875619323,0.4927083333333333,0.017881324121562098,0.03818357415496068,-0.002164061408214358,0.1072163211182741,0.07235903645579334,0.04792158048972457,0.053777074834339494,0.42083333333333334,0.3458333333333333,0.375,0.4583333333333333,0.44166666666666665,0.45,-0.010418007853372933,0.0011381996570216414,0.05647299025691874,-0.0029285069291856048,0.054097729441909846,-0.0037122525982910873
50,R0,0.7777777777777778,0.7777777777777778,0.7966101694915254,0.7729257641921398,0.9760828502604602,0.8351282009930039,0.03965253873434813,0.51875,-0.013246979393412312,0.6510416666666666,0.028379510375106998,0.010435701212988865,0.026355589127730384,-0.02929595105001888,0.0039996350926325445,0.061282182758452576,0.1651380752643033,0.5,0.575,0.5875,0.6625,0.6458333333333334,0.14166666666666666,-0.014507104168933386,-0.0011580407838964618,-0.04827769413267037,3.608606282438673e-05,0.010954921511850969,0.002369119390553382
50,MEAN,0.8784722222222222,0.8402777777777778,0.8983050847457628,0.8733624454148472,0.9836886616001086,0.921363802797019,0.01057737310526675,0.8937499999999999,0.015317163572004288,0.9322916666666667,0.0916284951123065,-0.002849481432083981,0.004236687299875027,0.0362337569812161,0.002411442977739882,0.017900085105007586,0.0055317476998459,0.9125,0.8958333333333334,0.8208333333333333,0.9166666666666666,0.8791666666666667,0.9375,-0.004442568814346498,0.005771781735493791,0.0411775742299014,-0.0034985363430450216,0.01876186713696846,-0.007206941168805836
52,T3,0.4791666666666667,0.4652777777777778,0.4406779661016949,0.4890829694323144,0.910530263776864,0.6677439801681124,0.05409644137004868,0.4131944444444445,0.010977199101088379,0.44895833333333335,0.01889265098377224,0.04142971591501208,-0.0020061780678976996,0.08973387791689162,0.08511313967743693,0.05875492486747226,0.05155316791137691,0.44583333333333336,0.3416666666666667,0.35,0.42916666666666664,0.44583333333333336,0.4666666666666667,-0.0046953029630363375,-0.04142319457710925,0.04095859264344782,0.0020154780341754487,0.04906870130105129,-0.006697630856307635
52,R0,0.7291666666666666,0.7916666666666666,0.7457627118644068,0.7248908296943232,0.9743240063881664,0.8337364219519776,0.04458207822689753,0.4895833333333333,0.005848047744996886,0.5895833333333333,0.02193781894889657,0.0154456994817289,0.07425521205960929,-0.009866266378696876,0.008463081606459952,0.07114718929753794,0.10804755329474602,0.5125,0.5041666666666667,0.5875,0.5833333333333334,0.6333333333333333,0.11666666666666667,-0.005251881995486686,0.03554130524278191,-0.01460191625724176,0.0011500832917618249,0.007704683989934082,0.0034809684702923976
52,MEAN,0.8715277777777778,0.8055555555555556,0.8813559322033898,0.868995633187773,0.9830175605995516,0.9124722187925597,0.014064300355822101,0.8680555555555555,0.014260729944268389,0.9104166666666667,0.08858379940174992,0.0052009509629042,-0.00670732927502562,0.04148335508031424,0.0032589690610028326,0.023664591618349474,0.017485264687387477,0.9166666666666666,0.8583333333333333,0.7666666666666667,0.9083333333333333,0.8416666666666667,0.9166666666666666,-0.0009016892004588283,-0.0062805399877439595,0.04495528242450753,-0.003084574013753394,0.019269866540768812,-0.006046379812930147
54,T3,0.4895833333333333,0.4027777777777778,0.559322033898305,0.47161572052401746,0.9096186849177738,0.6451473230740727,0.060455902265079096,0.37986111111111115,0.00839357524649752,0.43229166666666663,0.02002388780365097,0.05766919777553354,0.013470287087329084,0.08421103298315452,0.08314378922840346,0.04143464376088135,0.08280646275517262,0.4,0.39166666666666666,0.3375,0.37916666666666665,0.37916666666666665,0.39166666666666666,-0.009978965953290642,-0.03073924773036575,0.03707715738773793,-0.0030610137540926837,0.03721535728190854,-0.011332972481771942
54,R0,0.7534722222222222,0.7430555555555556,0.7966101694915254,0.74235807860262,0.9701659764388806,0.8177036136103756,0.058497826155422115,0.5020833333333333,-0.00019654282837553144,0.6270833333333333,0.01751563688511218,0.0163016224737138,0.0744140645350788,-0.0032497648148358867,0.034876913515827515,0.08862186330153655,0.14002225792121192,0.6208333333333333,0.5208333333333334,0.575,0.6083333333333333,0.5166666666666667,0.17083333333333334,-0.016113772549770675,0.017134338341632693,-0.007928718692521486,0.003967082494470094,0.006121981587157342,0.005924988438962011
54,MEAN,0.8854166666666666,0.7777777777777778,0.864406779661017,0.8908296943231441,0.9828162302993843,0.9104301325140235,0.01412741281909772,0.8270833333333334,0.014177960369452007,0.8885416666666667,0.08815777737852441,0.005639785317022288,-0.009701156634334667,0.045621129700781915,0.003377833746045625,0.02515480209363764,0.014672082691433525,0.8875,0.8208333333333333,0.7166666666666667,0.8458333333333333,0.775,0.9166666666666666,-0.0031441203705508897,-0.012016603708289934,0.051541230356646546,-0.004197974372804467,0.020331335200002305,-0.00840373215072363
56,T3,0.4895833333333333,0.4444444444444444,0.5254237288135594,0.48034934497816595,0.9191883987687751,0.6310289706185982,0.04956273313721018,0.3763888888888889,0.020640035540184676,0.4260416666666667,0.018528626847473972,0.05430433807704816,-0.003320138695820836,0.0705770754671553,0.07975753671357053,0.06569381833276565,0.030363768928542277,0.375,0.3458333333333333,0.31666666666666665,0.4041666666666667,0.39166666666666666,0.425,0.011335461706628872,-0.022552945134844758,0.048563098162520836,-0.004630959905137424,0.04521452742643376,-0.01616265724017342
56,R0,0.78125,0.7916666666666666,0.8135593220338984,0.7729257641921398,0.9761499603605158,0.8113099387144826,0.047778216081932036,0.34722222222222215,0.001123606841534641,0.5479166666666666,0.01871892373825601,0.013631773364501077,0.043661685372327425,-0.015383241979652962,0.005842500677990944,0.06546984695744379,0.17344673209898198,0.2916666666666667,0.2833333333333333,0.35833333333333334,0.5083333333333333,0.2625,0.37916666666666665,0.01920447353576203,0.011568396763728171,-0.035965624961066624,0.004323685692920472,0.009687182027714984,0.0076956332167038306
56,MEAN,0.875,0.7847222222222222,0.8813559322033898,0.8733624454148472,0.9818766888986041,0.905446469572358,0.00832602331478042,0.8305555555555556,0.010838242633970516,0.890625,0.09235748313482776,-0.003182352482454787,-0.014116285214943397,0.039246467876644514,-0.004947231056504941,0.020652527572314353,0.012303013193626785,0.875,0.8166666666666667,0.7541666666666667,0.85,0.7833333333333333,0.9041666666666667,-0.005644604492594407,-0.010994720665605553,0.039504371879715366,-0.004994416133680533,0.020487923814366656,-0.008830219167788039
58,T3,0.4826388888888889,0.4652777777777778,0.4067796610169492,0.5021834061135371,0.905174504958528,0.6518023363925165,0.07725310174569563,0.37361111111111106,0.010616397780417841,0.41770833333333335,0.015460216982763508,0.057064161283291934,0.026070079873259978,0.08327981015804888,0.12271960359155415,0.0971573412681615,0.07722761429985735,0.4666666666666667,0.3541666666666667,0.3125,0.2833333333333333,0.3875,0.4375,0.001968344004125023,-0.03572315088757603,0.026935230482875442,-0.0066044824493011346,0.04928516752224693,-0.012042374212727257
58,R0,0.7673611111111112,0.8125,0.7457627118644068,0.7729257641921398,0.9749755336095407,0.8235199129215633,0.048709038052237676,0.3902777777777777,0.017014751398440386,0.58125,0.020851409630436607,0.034055440008938946,0.04617977104675385,0.0059020667023068265,0.014075375348702667,0.06982171239328926,0.12221986281343453,0.43333333333333335,0.3958333333333333,0.36666666666666664,0.5166666666666667,0.3375,0.2916666666666667,0.03773638890702229,0.02297289201668004,-0.013052312068303082,0.005309142332791956,0.020402036738362293,0.007215851710818806
58,MEAN,0.84375,0.7847222222222222,0.8305084745762712,0.8471615720524017,0.9812587167272578,0.880971822418593,0.0031013844795458457,0.7930555555555555,0.007904427144445876,0.88125,0.09184876895977225,-0.003810748068509625,-0.017596540826206302,0.0192373715685917,-0.012003448346075057,0.017317875852466493,0.015463796697007863,0.8583333333333333,0.7708333333333334,0.6958333333333333,0.8166666666666667,0.75,0.8666666666666667,-0.0021944070474671884,-0.013718749303530776,0.02959207201447348,-0.004292229907990169,0.01793879291430799,-0.007267944567879645
60,T3,0.5243055555555556,0.4930555555555556,0.4745762711864407,0.537117903930131,0.9036263122336315,0.5937061972957104,0.0704556252821076,0.4388888888888889,0.04216876911308524,0.4583333333333333,0.008764660654189044,0.09009845853133319,0.05903728350688728,0.06190008412527778,0.06256990460606296,0.0821341805071982,0.0669938404158862,0.42916666666666664,0.4125,0.44583333333333336,0.44166666666666665,0.48333333333333334,0.42083333333333334,0.04233617049143747,0.030655149788047526,0.043807361754499605,0.017011853698601812,0.05187639441835634,-0.006901738748275277
60,R0,0.4375,0.4861111111111111,0.3389830508474576,0.462882096069869,0.8816990191251471,0.5169820985449959,0.03623936243881796,0.4166666666666667,0.0354985076755264,0.44062500000000004,0.011347257740380534,0.07093585208118172,0.03131571400208587,-0.007988932565807669,0.01570409707343457,0.06186671176500393,0.04560273227700934,0.425,0.44166666666666665,0.42083333333333334,0.45416666666666666,0.4583333333333333,0.3,0.06608939430796508,0.027503438333869337,-0.009516279678079676,0.011083574700919982,0.05791747773835086,0.04301233440194247
60,MEAN,0.6423611111111112,0.6458333333333334,0.559322033898305,0.6637554585152838,0.9520061697807465,0.8177947781763816,-0.005555310374976206,0.6472222222222223,-0.009879243585555302,0.6979166666666666,0.04722802085421682,-0.011603883527579167,-0.01681102179123397,-0.004831122805023192,-0.004876809763702933,-0.006419092151760293,0.01121006778944231,0.6875,0.6458333333333334,0.5541666666666667,0.6916666666666667,0.6458333333333334,0.6583333333333333,-0.015161673454672333,-0.01664836832663878,-0.0027571824526660205,-0.004930205490544411,-0.004949750108244073,-0.008310247836463553
