layer,position,population,estimator,k,alpha,r2_deg1,r2_deg2,r2_deg3,r2_deg4,r2_total,xvar,cvar,degrees,k95,best_total
23,T3,matrix pooled,RRR,1,1.0,0.934267946271052,0.03738734561485435,0.006959578940115785,0.009353738719028226,0.2469921523862625,0.017,0.498,1,,
23,T3,matrix pooled,RRR,2,1.0,0.9578822281766837,0.8719440013549684,0.10640712791354245,0.009424469057504936,0.48641445662567484,0.017 0.011,0.498 0.241,1 2,,
23,T3,matrix pooled,RRR,3,1.0,0.9858008210363142,0.9410581348176232,0.7998260301747603,0.12175212207176811,0.7121092770251163,0.017 0.011 0.029,0.498 0.241 0.049,1 2 3,,
23,T3,matrix pooled,RRR,4,1.0,0.9868930334241246,0.9573826515340191,0.9177220538784883,0.7515293350907781,0.9033817684818525,0.017 0.011 0.029 0.003,0.498 0.241 0.049 0.018,1 2 3 4,,
23,T3,matrix pooled,RRR,5,1.0,0.9868930334241246,0.9573826515340191,0.9177220538784883,0.7515293350907781,0.9033817684818525,0.017 0.011 0.029 0.003,0.498 0.241 0.049 0.018,1 2 3 4,,
23,T3,matrix pooled,RRR,6,1.0,0.9868930334241246,0.9573826515340191,0.9177220538784883,0.7515293350907781,0.9033817684818525,0.017 0.011 0.029 0.003,0.498 0.241 0.049 0.018,1 2 3 4,,
23,T3,matrix pooled,RRR,0,,,,,,,,,,4.0,0.9033817684818525
23,T3,matrix pooled,PLS2,1,,0.4270811903955096,0.002543188762042292,0.017372702482221114,0.01466916250699668,0.11541656103669284,0.018,0.500,1,,
23,T3,matrix pooled,PLS2,2,,0.5229371954812607,0.004392877501751435,0.019011818631427646,0.01713773972576471,0.14086990783505093,0.018 0.017,0.500 0.242,1 1,,
23,T3,matrix pooled,PLS2,3,,0.7147641162971181,0.018629971703327697,0.01912745472684485,0.01832910843517155,0.1927126627906156,0.018 0.017 0.021,0.500 0.242 0.046,1 1 1,,
23,T3,matrix pooled,PLS2,4,,0.7889946187880221,0.05985302145319693,0.025328111523977737,0.017698553167494357,0.22296857623317246,0.018 0.017 0.021 0.003,0.500 0.242 0.046 0.018,1 1 1 1,,
23,T3,matrix pooled,PLS2,5,,0.7889063500333492,0.35711531170617383,0.07849040745397196,0.02164758151286017,0.31153991267658865,0.018 0.017 0.021 0.003,0.500 0.242 0.046 0.018,1 1 1 1 2,,
23,T3,matrix pooled,PLS2,6,,0.8194037375425238,0.5443114483756304,0.10657429591054457,0.019795585735925325,0.37252126689115617,0.018 0.017 0.021 0.003,0.500 0.242 0.046 0.018,1 1 1 1 2 2,,
23,T3,matrix pooled,PLS2,0,,,,,,,,,,6.0,0.37252126689115617
23,T3,matrix LEACE(cell+par),RRR,1,1.0,0.9299191989184084,0.04220003610156964,0.006481498741506608,0.009484884586826836,0.24702140458707778,0.084,0.498,1,,
23,T3,matrix LEACE(cell+par),RRR,2,1.0,0.956778716318871,0.8578376428744015,0.12109760731669006,0.01003456438112671,0.4864371327227721,0.084 0.060,0.498 0.241,1 2,,
23,T3,matrix LEACE(cell+par),RRR,3,1.0,0.9859956359608414,0.9348593576036891,0.8107009365323005,0.11699809406820583,0.7121385060412593,0.084 0.060 0.060,0.498 0.241 0.049,1 2 3,,
23,T3,matrix LEACE(cell+par),RRR,4,1.0,0.9869807886807338,0.9559621105645163,0.919969389969898,0.7605837279864007,0.9058740043003871,0.084 0.060 0.060 0.009,0.498 0.241 0.049 0.018,1 2 3 4,,
23,T3,matrix LEACE(cell+par),RRR,5,1.0,0.9869807886807338,0.9559621105645163,0.919969389969898,0.7605837279864007,0.9058740043003871,0.084 0.060 0.060 0.009,0.498 0.241 0.049 0.018,1 2 3 4,,
23,T3,matrix LEACE(cell+par),RRR,6,1.0,0.9869807886807338,0.9559621105645163,0.919969389969898,0.7605837279864007,0.9058740043003871,0.084 0.060 0.060 0.009,0.498 0.241 0.049 0.018,1 2 3 4,,
23,T3,matrix LEACE(cell+par),RRR,0,,,,,,,,,,4.0,0.9058740043003871
23,T3,matrix LEACE(cell+par),PLS2,1,,0.5392245504328964,0.0030465681598399463,0.022129171595889563,0.018811177878215513,0.14580286701670997,0.089,0.500,1,,
23,T3,matrix LEACE(cell+par),PLS2,2,,0.8019496435964739,0.05777804841259593,0.024925594134309947,0.01811719060271222,0.22569261918652284,0.089 0.069,0.500 0.248,1 1,,
23,T3,matrix LEACE(cell+par),PLS2,3,,0.809857105133831,0.5813804963553049,0.1105216903636258,0.025459758298190027,0.3818047625377379,0.089 0.069 0.046,0.500 0.248 0.038,1 1 2,,
23,T3,matrix LEACE(cell+par),PLS2,4,,0.8195868557327426,0.6351572954165874,0.12193117860984326,0.022760648680065,0.39985899460980956,0.089 0.069 0.046 0.009,0.500 0.248 0.038 0.019,1 1 2 2,,
23,T3,matrix LEACE(cell+par),PLS2,5,,0.8585729206802614,0.6607852556381769,0.12138304245899278,0.020724806040471888,0.415366506204476,0.089 0.069 0.046 0.009,0.500 0.248 0.038 0.019,1 1 2 2 1,,
23,T3,matrix LEACE(cell+par),PLS2,6,,0.8805757597414923,0.7224000804077597,0.15070750038192482,0.0666681583965516,0.455087874731932,0.089 0.069 0.046 0.009,0.500 0.248 0.038 0.019,1 1 2 2 1 2,,
23,T3,matrix LEACE(cell+par),PLS2,0,,,,,,,,,,6.0,0.455087874731932
23,T3,matrix structured|investment,RRR,1,1.0,0.930508703979703,0.02736170006515337,0.008018154627120855,0.010531625429005431,0.2441050460252454,0.293,0.622,1,,
23,T3,matrix structured|investment,RRR,2,1.0,0.9363085405419775,0.7761335261563238,0.17808604712895204,0.017495021278905454,0.4770057837765397,0.293 0.161,0.622 0.240,1 2,,
23,T3,matrix structured|investment,RRR,3,1.0,0.9743570069694288,0.931884703544983,0.7740106126074767,0.10985584066374221,0.6975270409464076,0.293 0.161 0.024,0.622 0.240 0.032,1 2 3,,
23,T3,matrix structured|investment,RRR,4,1.0,0.9779768560666579,0.9320742136345502,0.8829355358302043,0.7317350217829605,0.8811804068285932,0.293 0.161 0.024 0.014,0.622 0.240 0.032 0.016,1 2 3 4,,
23,T3,matrix structured|investment,RRR,5,1.0,0.9779768560666579,0.9320742136345502,0.8829355358302043,0.7317350217829605,0.8811804068285932,0.293 0.161 0.024 0.014,0.622 0.240 0.032 0.016,1 2 3 4,,
23,T3,matrix structured|investment,RRR,6,1.0,0.9779768560666579,0.9320742136345502,0.8829355358302043,0.7317350217829605,0.8811804068285932,0.293 0.161 0.024 0.014,0.622 0.240 0.032 0.016,1 2 3 4,,
23,T3,matrix structured|investment,RRR,0,,,,,,,,,,4.0,0.8811804068285932
23,T3,matrix structured|investment,PLS2,1,,0.8762124516801079,0.022794902390976146,0.013994122160794431,0.008856243965447264,0.23046443004933126,0.293,0.622,1,,
23,T3,matrix structured|investment,PLS2,2,,0.8796292475007577,0.5517054080745765,0.13432527871964006,0.01001659502572294,0.3939191323301743,0.293 0.161,0.622 0.240,1 2,,
23,T3,matrix structured|investment,PLS2,3,,0.8769698851569866,0.7990681523635071,0.1316883504075842,0.01634421151026455,0.4560176498595855,0.293 0.161 0.026,0.622 0.240 0.029,1 2 2,,
23,T3,matrix structured|investment,PLS2,4,,0.9093874727291678,0.8358047614781223,0.5171315965830271,0.07002708068278973,0.5830877278682767,0.293 0.161 0.026 0.012,0.622 0.240 0.029 0.019,1 2 2 3,,
23,T3,matrix structured|investment,PLS2,5,,0.9137622693406668,0.8325376072284213,0.7000661211448576,0.09173303335211214,0.6345247577665144,0.293 0.161 0.026 0.012,0.622 0.240 0.029 0.019,1 2 2 3 3,,
23,T3,matrix structured|investment,PLS2,6,,0.9159520185114672,0.858628552745611,0.7876437457728445,0.6191645516483903,0.7953472171695783,0.293 0.161 0.026 0.012,0.622 0.240 0.029 0.019,1 2 2 3 3 4,,
23,T3,matrix structured|investment,PLS2,0,,,,,,,,,,6.0,0.7953472171695783
23,T3,"canonical (1890 rows, 17 horizons)",RRR,1,1.0,0.9322797316384532,0.06513496795460205,0.0010526731188321703,0.0029301417305179767,0.25004571036389267,0.278,0.588,1,,
23,T3,"canonical (1890 rows, 17 horizons)",RRR,2,1.0,0.9752063681324574,0.8470000819826684,0.16145363863952022,0.0078144895764789,0.49720441032063556,0.278 0.158,0.588 0.245,1 2,,
23,T3,"canonical (1890 rows, 17 horizons)",RRR,3,1.0,0.995080900310658,0.9762462297784968,0.828536595615029,0.17197867121856825,0.7428329216812977,0.278 0.158 0.016,0.588 0.245 0.024,1 2 3,,
23,T3,"canonical (1890 rows, 17 horizons)",RRR,4,1.0,0.9951414927663667,0.9888329017975444,0.9734136862999749,0.9484011598611773,0.9764318522641442,0.278 0.158 0.016 0.029,0.588 0.245 0.024 0.026,1 2 3 4,,
23,T3,"canonical (1890 rows, 17 horizons)",RRR,5,1.0,0.9951414927663667,0.9888329017975444,0.9734136862999749,0.9484011598611773,0.9764318522641442,0.278 0.158 0.016 0.029,0.588 0.245 0.024 0.026,1 2 3 4,,
23,T3,"canonical (1890 rows, 17 horizons)",RRR,6,1.0,0.9951414927663667,0.9888329017975444,0.9734136862999749,0.9484011598611773,0.9764318522641442,0.278 0.158 0.016 0.029,0.588 0.245 0.024 0.026,1 2 3 4,,
23,T3,"canonical (1890 rows, 17 horizons)",RRR,0,,,,,,,,,,4.0,0.9764318522641442
23,T3,"canonical (1890 rows, 17 horizons)",PLS2,1,,0.9102477239574078,0.020079143431146362,0.013601050885877819,0.0027449563117774023,0.23641136289664466,0.277,0.587,1,,
23,T3,"canonical (1890 rows, 17 horizons)",PLS2,2,,0.9122133107763803,0.6158663094775768,0.1142985356379479,0.004041952459232334,0.41106186877832174,0.277 0.159,0.587 0.247,1 2,,
23,T3,"canonical (1890 rows, 17 horizons)",PLS2,3,,0.9263958890514116,0.7281797661541592,0.37075479308830106,0.002805673520096974,0.506656640710555,0.277 0.159 0.024,0.587 0.247 0.027,1 2 3,,
23,T3,"canonical (1890 rows, 17 horizons)",PLS2,4,,0.9352284714170941,0.7313591935819406,0.7508627403563439,0.0026131609624492347,0.604991894313722,0.277 0.159 0.024 0.021,0.587 0.247 0.027 0.024,1 2 3 3,,
23,T3,"canonical (1890 rows, 17 horizons)",PLS2,5,,0.9355367538331403,0.7863044682501543,0.7545914904001078,0.2764793730462578,0.6881666604931225,0.277 0.159 0.024 0.021,0.587 0.247 0.027 0.024,1 2 3 3 4,,
23,T3,"canonical (1890 rows, 17 horizons)",PLS2,6,,0.9354674379646134,0.8280470747304404,0.7619980535100533,0.5645369685626359,0.7724253664635214,0.277 0.159 0.024 0.021,0.587 0.247 0.027 0.024,1 2 3 3 4 4,,
23,T3,"canonical (1890 rows, 17 horizons)",PLS2,0,,,,,,,,,,6.0,0.7724253664635214
23,T3,"extended (1927 rows, 25 horizons)",RRR,1,1.0,0.9848618373504423,0.006876687735823062,0.0020354880317259294,0.005790611721976036,0.25005255871983434,0.276,0.423,1,,
23,T3,"extended (1927 rows, 25 horizons)",RRR,2,1.0,0.9929328908284945,0.9404323839807741,0.0021698130055625153,0.05702469420185985,0.49880806529484234,0.276 0.232,0.423 0.337,1 2,,
23,T3,"extended (1927 rows, 25 horizons)",RRR,3,1.0,0.9958241446202333,0.940874851095204,0.9683238443243184,0.07164494094177076,0.7450057639701114,0.276 0.232 0.073,0.423 0.337 0.099,1 2 3,,
23,T3,"extended (1927 rows, 25 horizons)",RRR,4,1.0,0.9977666014700045,0.9934935909777699,0.9834469699371381,0.9740762324571162,0.9872130607912883,0.276 0.232 0.073 0.018,0.423 0.337 0.099 0.023,1 2 3 4,,
23,T3,"extended (1927 rows, 25 horizons)",RRR,5,1.0,0.9977666014700045,0.9934935909777699,0.9834469699371381,0.9740762324571162,0.9872130607912883,0.276 0.232 0.073 0.018,0.423 0.337 0.099 0.023,1 2 3 4,,
23,T3,"extended (1927 rows, 25 horizons)",RRR,6,1.0,0.9977666014700045,0.9934935909777699,0.9834469699371381,0.9740762324571162,0.9872130607912883,0.276 0.232 0.073 0.018,0.423 0.337 0.099 0.023,1 2 3 4,,
23,T3,"extended (1927 rows, 25 horizons)",RRR,0,,,,,,,,,,4.0,0.9872130607912883
23,T3,"extended (1927 rows, 25 horizons)",PLS2,1,,0.6158835050600803,0.24097021996394585,0.0010308299113024333,0.051670854677344336,0.22758459741120285,0.305,0.461,1,,
23,T3,"extended (1927 rows, 25 horizons)",PLS2,2,,0.8792810100804126,0.642542389093189,0.16104560174694993,0.059245566329884314,0.4360293757575424,0.305 0.219,0.461 0.322,1 2,,
23,T3,"extended (1927 rows, 25 horizons)",PLS2,3,,0.9282040236399617,0.7715494990850646,0.5542515095871248,0.15399898745074514,0.6025712919506931,0.305 0.219 0.058,0.461 0.322 0.077,1 2 3,,
23,T3,"extended (1927 rows, 25 horizons)",PLS2,4,,0.9287984824756282,0.8637169275618819,0.6338470238972658,0.5533585359718016,0.7451916387378388,0.305 0.219 0.058 0.017,0.461 0.322 0.077 0.021,1 2 3 4,,
23,T3,"extended (1927 rows, 25 horizons)",PLS2,5,,0.961803257110999,0.8641169371252243,0.7425532122528976,0.5562773272362312,0.7814726749213412,0.305 0.219 0.058 0.017,0.461 0.322 0.077 0.021,1 2 3 4 3,,
23,T3,"extended (1927 rows, 25 horizons)",PLS2,6,,0.966187786696909,0.8844558661470503,0.7435570280334459,0.6555684679853871,0.8126460761471805,0.305 0.219 0.058 0.017,0.461 0.322 0.077 0.021,1 2 3 4 3 4,,
23,T3,"extended (1927 rows, 25 horizons)",PLS2,0,,,,,,,,,,5.0,0.8126460761471805
20,R0,matrix pooled,RRR,1,1.0,0.9349363487589094,0.013469781934942304,0.023076797980246755,0.005168017750115994,0.2441627366060536,0.040,0.575,1,,
20,R0,matrix pooled,RRR,2,1.0,0.9396126660320894,0.8645439305929692,0.08791348773940522,0.005522584302048772,0.4743981671666282,0.040 0.027,0.575 0.175,1 2,,
20,R0,matrix pooled,RRR,3,1.0,0.9627270806241398,0.9208825670279093,0.8571450829969671,0.027987617776952134,0.6921855871064923,0.040 0.027 0.007,0.575 0.175 0.036,1 2 3,,
20,R0,matrix pooled,RRR,4,1.0,0.9706903461285252,0.9201104965250357,0.8749995237080487,0.7995220521826583,0.891330604636067,0.040 0.027 0.007 0.011,0.575 0.175 0.036 0.020,1 2 3 4,,
20,R0,matrix pooled,RRR,5,1.0,0.9706903461285252,0.9201104965250357,0.8749995237080487,0.7995220521826583,0.891330604636067,0.040 0.027 0.007 0.011,0.575 0.175 0.036 0.020,1 2 3 4,,
20,R0,matrix pooled,RRR,6,1.0,0.9706903461285252,0.9201104965250357,0.8749995237080487,0.7995220521826583,0.891330604636067,0.040 0.027 0.007 0.011,0.575 0.175 0.036 0.020,1 2 3 4,,
20,R0,matrix pooled,RRR,0,,,,,,,,,,4.0,0.891330604636067
20,R0,matrix pooled,PLS2,1,,0.1753360046015101,0.0005943948588027492,0.004103924253180513,0.001172784248640868,0.04530177699053284,0.041,0.575,1,,
20,R0,matrix pooled,PLS2,2,,0.6032896581862679,0.004846714941451946,0.013711554321017339,0.0043823717449369415,0.15655757479841836,0.041 0.028,0.575 0.173,1 1,,
20,R0,matrix pooled,PLS2,3,,0.8509493560832546,0.01073699046011889,0.01727984972980401,0.0058648311638451744,0.22120775685925564,0.041 0.028 0.011,0.575 0.173 0.033,1 1 1,,
20,R0,matrix pooled,PLS2,4,,0.8512262789083798,0.4386676640790914,0.06224318665906592,0.009552267260248937,0.3404223492266967,0.041 0.028 0.011 0.006,0.575 0.173 0.033 0.024,1 1 1 2,,
20,R0,matrix pooled,PLS2,5,,0.8536354021605057,0.6251341183948355,0.06602078732531724,0.008906986516633353,0.3884243235993229,0.041 0.028 0.011 0.006,0.575 0.173 0.033 0.024,1 1 1 2 2,,
20,R0,matrix pooled,PLS2,6,,0.8544621452810276,0.7127668489347596,0.07008058232876768,0.008919772750977772,0.41155733732388267,0.041 0.028 0.011 0.006,0.575 0.173 0.033 0.024,1 1 1 2 2 2,,
20,R0,matrix pooled,PLS2,0,,,,,,,,,,6.0,0.41155733732388267
20,R0,matrix LEACE(cell+par),RRR,1,1.0,0.9366608172642656,0.014173183745637363,0.022271342705490915,0.004619866332668421,0.24443130251201572,0.089,0.577,1,,
20,R0,matrix LEACE(cell+par),RRR,2,1.0,0.9412142450990834,0.850972009001717,0.10275093840135496,0.005740047497329814,0.47516930999987106,0.089 0.045,0.577 0.174,1 2,,
20,R0,matrix LEACE(cell+par),RRR,3,1.0,0.9647390989635154,0.921476904874521,0.8634715328503427,0.024507096308786003,0.6935486582492911,0.089 0.045 0.045,0.577 0.174 0.035,1 2 3,,
20,R0,matrix LEACE(cell+par),RRR,4,1.0,0.9718528774334179,0.9209268682175104,0.8780686559304851,0.8058767354418829,0.894181284255824,0.089 0.045 0.045 0.014,0.577 0.174 0.035 0.019,1 2 3 4,,
20,R0,matrix LEACE(cell+par),RRR,5,1.0,0.9718528774334179,0.9209268682175104,0.8780686559304851,0.8058767354418829,0.894181284255824,0.089 0.045 0.045 0.014,0.577 0.174 0.035 0.019,1 2 3 4,,
20,R0,matrix LEACE(cell+par),RRR,6,1.0,0.9718528774334179,0.9209268682175104,0.8780686559304851,0.8058767354418829,0.894181284255824,0.089 0.045 0.045 0.014,0.577 0.174 0.035 0.019,1 2 3 4,,
20,R0,matrix LEACE(cell+par),RRR,0,,,,,,,,,,4.0,0.894181284255824
20,R0,matrix LEACE(cell+par),PLS2,1,,0.7234711604677273,0.001986077196134861,0.01813676385887253,0.0051431048872766505,0.18718427660250248,0.089,0.577,1,,
20,R0,matrix LEACE(cell+par),PLS2,2,,0.844153244194153,0.027880471176778276,0.019834230099717964,0.0049254076684233095,0.22419833828476765,0.089 0.055,0.577 0.178,1 1,,
20,R0,matrix LEACE(cell+par),PLS2,3,,0.8482110720976554,0.5795137584856302,0.05283668053769497,0.00695311626131212,0.3718786568455731,0.089 0.055 0.039,0.577 0.178 0.035,1 1 2,,
20,R0,matrix LEACE(cell+par),PLS2,4,,0.8485386779837316,0.7231452412913222,0.06700166515129102,0.007376966097137894,0.4115156376308703,0.089 0.055 0.039 0.009,0.577 0.178 0.035 0.016,1 1 2 2,,
20,R0,matrix LEACE(cell+par),PLS2,5,,0.8486703345720261,0.7571531010933007,0.4818582990446585,0.007567897393622958,0.5238124080259018,0.089 0.055 0.039 0.009,0.577 0.178 0.035 0.016,1 1 2 2 3,,
20,R0,matrix LEACE(cell+par),PLS2,6,,0.8538788185371453,0.7579797813900132,0.5258679859749718,0.004871178337982673,0.5356494410600283,0.089 0.055 0.039 0.009,0.577 0.178 0.035 0.016,1 1 2 2 3 3,,
20,R0,matrix LEACE(cell+par),PLS2,0,,,,,,,,,,5.0,0.5356494410600283
20,R0,matrix structured|investment,RRR,1,1.0,0.9390073149024047,0.03565238455056896,0.004215395506825814,0.0020789902700862894,0.2452385213074716,0.314,0.654,1,,
20,R0,matrix structured|investment,RRR,2,1.0,0.9603400702023211,0.8168706453872606,0.11715350703698779,0.003966020062660003,0.4745825606723072,0.314 0.110,0.654 0.189,1 2,,
20,R0,matrix structured|investment,RRR,3,1.0,0.976682347215599,0.9062115011678777,0.7438675236805328,0.057892102598980144,0.6711633686657473,0.314 0.110 0.028,0.654 0.189 0.041,1 2 3,,
20,R0,matrix structured|investment,RRR,4,1.0,0.9770843237015515,0.9074328475011686,0.7919574980156394,0.6931931826167865,0.8424169629587865,0.314 0.110 0.028 0.017,0.654 0.189 0.041 0.022,1 2 3 4,,
20,R0,matrix structured|investment,RRR,5,1.0,0.9770843237015515,0.9074328475011686,0.7919574980156394,0.6931931826167865,0.8424169629587865,0.314 0.110 0.028 0.017,0.654 0.189 0.041 0.022,1 2 3 4,,
20,R0,matrix structured|investment,RRR,6,1.0,0.9770843237015515,0.9074328475011686,0.7919574980156394,0.6931931826167865,0.8424169629587865,0.314 0.110 0.028 0.017,0.654 0.189 0.041 0.022,1 2 3 4,,
20,R0,matrix structured|investment,RRR,0,,,,,,,,,,4.0,0.8424169629587865
20,R0,matrix structured|investment,PLS2,1,,0.9207263022139732,0.02592741643489882,0.005653620535516213,0.0018210750536422626,0.23853210355950738,0.314,0.654,1,,
20,R0,matrix structured|investment,PLS2,2,,0.9309429638885364,0.6978280159744343,0.09146469765342147,-0.0006282646066790853,0.429901853227428,0.314 0.110,0.654 0.189,1 2,,
20,R0,matrix structured|investment,PLS2,3,,0.9405587194516235,0.6893912703421629,0.4508895814464211,0.0946356506528524,0.543868805473265,0.314 0.110 0.031,0.654 0.189 0.042,1 2 3,,
20,R0,matrix structured|investment,PLS2,4,,0.9513268328412073,0.8420434290218025,0.596169533433662,0.09567426046740468,0.621303513941019,0.314 0.110 0.031 0.015,0.654 0.189 0.042 0.021,1 2 3 2,,
20,R0,matrix structured|investment,PLS2,5,,0.9508700589478503,0.8472736627870301,0.7418655535441618,0.47975766127775665,0.7549417341391996,0.314 0.110 0.031 0.015,0.654 0.189 0.042 0.021,1 2 3 2 4,,
20,R0,matrix structured|investment,PLS2,6,,0.9626172346212337,0.8462117838734377,0.7404744420994537,0.635777269533246,0.7962701825318427,0.314 0.110 0.031 0.015,0.654 0.189 0.042 0.021,1 2 3 2 4 4,,
20,R0,matrix structured|investment,PLS2,0,,,,,,,,,,6.0,0.7962701825318427
20,R0,"canonical (1890 rows, 17 horizons)",RRR,1,1.0,0.9600110690789548,0.02948517221804381,0.005388943336737451,0.0023642504928744756,0.24902773240127163,0.320,0.640,1,,
20,R0,"canonical (1890 rows, 17 horizons)",RRR,2,1.0,0.9758803788066966,0.8919906099862569,0.10556146443514458,0.006323332401327542,0.49419318862695516,0.320 0.113,0.640 0.182,1 2,,
20,R0,"canonical (1890 rows, 17 horizons)",RRR,3,1.0,0.9916836165487507,0.9770423214475475,0.8711510235888615,0.08211445591510014,0.7304126207579,0.320 0.113 0.026,0.640 0.182 0.035,1 2 3,,
20,R0,"canonical (1890 rows, 17 horizons)",RRR,4,1.0,0.9919745158469839,0.9780379699209997,0.9393076645802079,0.887153087578735,0.949079798771131,0.320 0.113 0.026 0.034,0.640 0.182 0.035 0.031,1 2 3 4,,
20,R0,"canonical (1890 rows, 17 horizons)",RRR,5,1.0,0.9919745158469839,0.9780379699209997,0.9393076645802079,0.887153087578735,0.949079798771131,0.320 0.113 0.026 0.034,0.640 0.182 0.035 0.031,1 2 3 4,,
20,R0,"canonical (1890 rows, 17 horizons)",RRR,6,1.0,0.9919745158469839,0.9780379699209997,0.9393076645802079,0.887153087578735,0.949079798771131,0.320 0.113 0.026 0.034,0.640 0.182 0.035 0.031,1 2 3 4,,
20,R0,"canonical (1890 rows, 17 horizons)",RRR,0,,,,,,,,,,4.0,0.949079798771131
20,R0,"canonical (1890 rows, 17 horizons)",PLS2,1,,0.9256550372447503,0.020781662979929227,0.0055451853405195095,-0.00015495057115733069,0.23768755774552197,0.320,0.640,1,,
20,R0,"canonical (1890 rows, 17 horizons)",PLS2,2,,0.9303776132057117,0.7313005144148645,0.07076151004425313,-0.001147005852070171,0.43216025920788315,0.320 0.113,0.640 0.182,1 2,,
20,R0,"canonical (1890 rows, 17 horizons)",PLS2,3,,0.9309459585059089,0.7303641106135175,0.4410738971830036,0.09821239368181145,0.549833250835221,0.320 0.113 0.029,0.640 0.182 0.036,1 2 3,,
20,R0,"canonical (1890 rows, 17 horizons)",PLS2,4,,0.9509579834053263,0.8727520662341055,0.6616397347197431,0.09480378767324726,0.6448337195178047,0.320 0.113 0.029 0.030,0.640 0.182 0.036 0.030,1 2 3 3,,
20,R0,"canonical (1890 rows, 17 horizons)",PLS2,5,,0.9509501372417093,0.880423839439419,0.6992291308465826,0.44552379615984683,0.7438502578954509,0.320 0.113 0.029 0.030,0.640 0.182 0.036 0.030,1 2 3 3 4,,
20,R0,"canonical (1890 rows, 17 horizons)",PLS2,6,,0.9520167895305445,0.8885660386531485,0.7467270671103654,0.5785045670941216,0.7913086058547563,0.320 0.113 0.029 0.030,0.640 0.182 0.036 0.030,1 2 3 3 4 4,,
20,R0,"canonical (1890 rows, 17 horizons)",PLS2,0,,,,,,,,,,6.0,0.7913086058547563
20,R0,"extended (1927 rows, 25 horizons)",RRR,1,1.0,0.9656436965001103,0.002895372581277922,0.0164334845296078,0.011674566583989798,0.24931480863676314,0.324,0.507,1,,
20,R0,"extended (1927 rows, 25 horizons)",RRR,2,1.0,0.9702839506953097,0.9037658431896289,0.01904432336189621,0.09036803214020372,0.49647974618746515,0.324 0.177,0.507 0.264,1 2,,
20,R0,"extended (1927 rows, 25 horizons)",RRR,3,1.0,0.9811894712879821,0.9183495206128667,0.887438010075269,0.15802098714968305,0.7369752116375039,0.324 0.177 0.049,0.507 0.264 0.063,1 2 3,,
20,R0,"extended (1927 rows, 25 horizons)",RRR,4,1.0,0.9948145925136486,0.9856839097681366,0.9579500899363332,0.9412089274509228,0.9699527969872507,0.324 0.177 0.049 0.033,0.507 0.264 0.063 0.039,1 2 3 4,,
20,R0,"extended (1927 rows, 25 horizons)",RRR,5,1.0,0.9948145925136486,0.9856839097681366,0.9579500899363332,0.9412089274509228,0.9699527969872507,0.324 0.177 0.049 0.033,0.507 0.264 0.063 0.039,1 2 3 4,,
20,R0,"extended (1927 rows, 25 horizons)",RRR,6,1.0,0.9948145925136486,0.9856839097681366,0.9579500899363332,0.9412089274509228,0.9699527969872507,0.324 0.177 0.049 0.033,0.507 0.264 0.063 0.039,1 2 3 4,,
20,R0,"extended (1927 rows, 25 horizons)",RRR,0,,,,,,,,,,4.0,0.9699527969872507
20,R0,"extended (1927 rows, 25 horizons)",PLS2,1,,0.8359636197877383,0.060146396720102135,0.023780231977063027,0.03895802848143637,0.2398531998053034,0.329,0.516,1,,
20,R0,"extended (1927 rows, 25 horizons)",PLS2,2,,0.8797730293253404,0.7171296494478725,0.12162592084293922,0.08274546068152133,0.4508337974951483,0.329 0.178,0.516 0.264,1 2,,
20,R0,"extended (1927 rows, 25 horizons)",PLS2,3,,0.9396358063866282,0.789179832712413,0.5603144890322507,0.13235924025895607,0.6059766567116722,0.329 0.178 0.048,0.516 0.264 0.064,1 2 3,,
20,R0,"extended (1927 rows, 25 horizons)",PLS2,4,,0.9395680604523474,0.8558967689672597,0.5955530164298309,0.4935968721716576,0.7214616141137963,0.329 0.178 0.048 0.028,0.516 0.264 0.064 0.029,1 2 3 4,,
20,R0,"extended (1927 rows, 25 horizons)",PLS2,5,,0.9478847582320644,0.8612042983426658,0.6329663021378855,0.7056167783669118,0.7870364907498827,0.329 0.178 0.048 0.028,0.516 0.264 0.064 0.029,1 2 3 4 4,,
20,R0,"extended (1927 rows, 25 horizons)",PLS2,6,,0.9568025608058297,0.8638170320499776,0.7797086182567373,0.705716114267954,0.8266603850602018,0.329 0.178 0.048 0.028,0.516 0.264 0.064 0.029,1 2 3 4 4 3,,
20,R0,"extended (1927 rows, 25 horizons)",PLS2,0,,,,,,,,,,5.0,0.8266603850602018
31,T6,matrix pooled,RRR,1,1.0,0.9580792513443643,0.011706184099834371,0.011339076783587365,0.006513080166163143,0.24690939809848733,0.015,0.524,1,,
31,T6,matrix pooled,RRR,2,1.0,0.9620852569962643,0.8874971403435379,0.09097590913706743,0.011816770257471854,0.48809376918358527,0.015 0.010,0.524 0.238,1 2,,
31,T6,matrix pooled,RRR,3,1.0,0.9840416266068595,0.9622011477054798,0.8771709338324483,0.061267218768410014,0.7211702317282995,0.015 0.010 0.009,0.524 0.238 0.048,1 2 3,,
31,T6,matrix pooled,RRR,4,1.0,0.9859763241485928,0.9623939496699663,0.9387273253745269,0.8408252333959374,0.9319807081472558,0.015 0.010 0.009 0.006,0.524 0.238 0.048 0.022,1 2 3 4,,
31,T6,matrix pooled,RRR,5,1.0,0.9859763241485928,0.9623939496699663,0.9387273253745269,0.8408252333959374,0.9319807081472558,0.015 0.010 0.009 0.006,0.524 0.238 0.048 0.022,1 2 3 4,,
31,T6,matrix pooled,RRR,6,1.0,0.9859763241485928,0.9623939496699663,0.9387273253745269,0.8408252333959374,0.9319807081472558,0.015 0.010 0.009 0.006,0.524 0.238 0.048 0.022,1 2 3 4,,
31,T6,matrix pooled,RRR,0,,,,,,,,,,4.0,0.9319807081472558
31,T6,matrix pooled,PLS2,1,,0.6752594549063677,-0.00021495319945952218,0.02202907721216385,0.01807987714095649,0.1787883640150073,0.016,0.526,1,,
31,T6,matrix pooled,PLS2,2,,0.7422903040788865,0.0002290618728353344,0.022318810114621446,0.01857314073976213,0.19585282920152636,0.016 0.013,0.526 0.232,1 1,,
31,T6,matrix pooled,PLS2,3,,0.8920473254838323,0.004061272936124127,0.022282655443665367,0.018440153331566123,0.2342078517987971,0.016 0.013 0.006,0.526 0.232 0.048,1 1 1,,
31,T6,matrix pooled,PLS2,4,,0.8994490731161254,0.32883140115710585,0.06901330536504002,0.022110191547408342,0.32985099279641994,0.016 0.013 0.006 0.006,0.526 0.232 0.048 0.025,1 1 1 2,,
31,T6,matrix pooled,PLS2,5,,0.8994098715012001,0.6162054005519211,0.09904575605774013,0.024021988814920014,0.4096707542314455,0.016 0.013 0.006 0.006,0.526 0.232 0.048 0.025,1 1 1 2 2,,
31,T6,matrix pooled,PLS2,6,,0.9002718749297363,0.7017632554883013,0.09844511885818874,0.021201144000973948,0.4304203483193001,0.016 0.013 0.006 0.006,0.526 0.232 0.048 0.025,1 1 1 2 2 2,,
31,T6,matrix pooled,PLS2,0,,,,,,,,,,5.0,0.4304203483193001
31,T6,matrix LEACE(cell+par),RRR,1,1.0,0.9568028212880086,0.014813555654629051,0.009381447486720318,0.006657083680604026,0.24691372702749037,0.082,0.525,1,,
31,T6,matrix LEACE(cell+par),RRR,2,1.0,0.9628220340389362,0.8774346045409335,0.10234206585818872,0.010110928767252059,0.4881774083013274,0.082 0.052,0.525 0.237,1 2,,
31,T6,matrix LEACE(cell+par),RRR,3,1.0,0.9835602882932286,0.9622688408175198,0.888383586019167,0.0522157322581106,0.7216071118470067,0.082 0.052 0.042,0.525 0.237 0.047,1 2 3,,
31,T6,matrix LEACE(cell+par),RRR,4,1.0,0.98591504268899,0.9630824421355005,0.9394157343076996,0.8416659512875206,0.9325197926049277,0.082 0.052 0.042 0.009,0.525 0.237 0.047 0.022,1 2 3 4,,
31,T6,matrix LEACE(cell+par),RRR,5,1.0,0.98591504268899,0.9630824421355005,0.9394157343076996,0.8416659512875206,0.9325197926049277,0.082 0.052 0.042 0.009,0.525 0.237 0.047 0.022,1 2 3 4,,
31,T6,matrix LEACE(cell+par),RRR,6,1.0,0.98591504268899,0.9630824421355005,0.9394157343076996,0.8416659512875206,0.9325197926049277,0.082 0.052 0.042 0.009,0.525 0.237 0.047 0.022,1 2 3 4,,
31,T6,matrix LEACE(cell+par),RRR,0,,,,,,,,,,4.0,0.9325197926049277
31,T6,matrix LEACE(cell+par),PLS2,1,,0.7385787581132326,-0.0002508608189046857,0.024047313276652993,0.019586537939557336,0.19549043712763503,0.085,0.527,1,,
31,T6,matrix LEACE(cell+par),PLS2,2,,0.9006985975317119,0.03339135600648113,0.02788565789142905,0.01938485201938711,0.24534011586225235,0.085 0.057,0.527 0.239,1 1,,
31,T6,matrix LEACE(cell+par),PLS2,3,,0.9006492313542431,0.6925766201033572,0.10255289357028019,0.023926460507376457,0.42992630138381427,0.085 0.057 0.037,0.527 0.239 0.045,1 1 2,,
31,T6,matrix LEACE(cell+par),PLS2,4,,0.9233691990649264,0.8244128252443883,0.4738756373305174,0.09550495692051131,0.5792906546400858,0.085 0.057 0.037 0.007,0.527 0.239 0.045 0.021,1 1 2 3,,
31,T6,matrix LEACE(cell+par),PLS2,5,,0.9234635141580143,0.8308974377574819,0.5852075611110061,0.09066150145147289,0.607557503619494,0.085 0.057 0.037 0.007,0.527 0.239 0.045 0.021,1 1 2 3 3,,
31,T6,matrix LEACE(cell+par),PLS2,6,,0.9276512389968393,0.8384829516853558,0.7630380198225895,0.11037844123255991,0.659887662934336,0.085 0.057 0.037 0.007,0.527 0.239 0.045 0.021,1 1 2 3 3 3,,
31,T6,matrix LEACE(cell+par),PLS2,0,,,,,,,,,,6.0,0.659887662934336
31,T6,matrix structured|investment,RRR,1,1.0,0.9527131587613058,0.011589053414105432,0.011274507146688206,0.011436213690555475,0.24675323325316378,0.223,0.546,1,,
31,T6,matrix structured|investment,RRR,2,1.0,0.9534282630682399,0.7853890642895289,0.17421017779233583,0.03941084089905611,0.4881095865122903,0.223 0.115,0.546 0.231,1 2,,
31,T6,matrix structured|investment,RRR,3,1.0,0.9855457606460117,0.9511229146218485,0.7209458392493001,0.19877487640756197,0.7140973477311805,0.223 0.115 0.022,0.546 0.231 0.046,1 2 3,,
31,T6,matrix structured|investment,RRR,4,1.0,0.9871006675424021,0.9540169339054059,0.9093627320723485,0.8589206624073573,0.9273502489818785,0.223 0.115 0.022 0.015,0.546 0.231 0.046 0.023,1 2 3 4,,
31,T6,matrix structured|investment,RRR,5,1.0,0.9871006675424021,0.9540169339054059,0.9093627320723485,0.8589206624073573,0.9273502489818785,0.223 0.115 0.022 0.015,0.546 0.231 0.046 0.023,1 2 3 4,,
31,T6,matrix structured|investment,RRR,6,1.0,0.9871006675424021,0.9540169339054059,0.9093627320723485,0.8589206624073573,0.9273502489818785,0.223 0.115 0.022 0.015,0.546 0.231 0.046 0.023,1 2 3 4,,
31,T6,matrix structured|investment,RRR,0,,,,,,,,,,4.0,0.9273502489818785
31,T6,matrix structured|investment,PLS2,1,,0.9206587852786295,0.0026945393134722995,0.02050443734574059,0.017921038428383773,0.24044470009155616,0.222,0.544,1,,
31,T6,matrix structured|investment,PLS2,2,,0.9202968380058663,0.6983437992892264,0.10842061513823154,0.02201560140256764,0.43726921345897285,0.222 0.115,0.544 0.233,1 2,,
31,T6,matrix structured|investment,PLS2,3,,0.9575848225628599,0.7816044289486691,0.5906777135969075,0.20899725767168498,0.6347160556950303,0.222 0.115 0.022,0.544 0.233 0.046,1 2 3,,
31,T6,matrix structured|investment,PLS2,4,,0.9594277651986737,0.8325657006748355,0.6963539012162014,0.5033491035851896,0.747924117668725,0.222 0.115 0.022 0.014,0.544 0.233 0.046 0.023,1 2 3 4,,
31,T6,matrix structured|investment,PLS2,5,,0.9597466158877482,0.8618716077786969,0.8184208862663969,0.6034485767551816,0.8108719216720058,0.222 0.115 0.022 0.014,0.544 0.233 0.046 0.023,1 2 3 4 4,,
31,T6,matrix structured|investment,PLS2,6,,0.959679002364727,0.8730828344228535,0.8417028349213784,0.662445416550038,0.8342275220647491,0.222 0.115 0.022 0.014,0.544 0.233 0.046 0.023,1 2 3 4 4 4,,
31,T6,matrix structured|investment,PLS2,0,,,,,,,,,,5.0,0.8342275220647491
31,T6,"canonical (1890 rows, 17 horizons)",RRR,1,1.0,0.9584059050766734,0.03466675204974867,0.0031402036563620284,0.0041267159650603125,0.24979525701040994,0.213,0.540,1,,
31,T6,"canonical (1890 rows, 17 horizons)",RRR,2,1.0,0.9746416113301948,0.8330318325393686,0.15749175091933543,0.028530289086316052,0.49776455657594876,0.213 0.115,0.540 0.240,1 2,,
31,T6,"canonical (1890 rows, 17 horizons)",RRR,3,1.0,0.9949717518811697,0.9861927454000575,0.7776903064054943,0.2135734099914759,0.742924311943709,0.213 0.115 0.019,0.540 0.240 0.040,1 2 3,,
31,T6,"canonical (1890 rows, 17 horizons)",RRR,4,1.0,0.9954466146766673,0.9889247215385276,0.9713741816507856,0.9415855199237269,0.9743153780920717,0.213 0.115 0.019 0.014,0.540 0.240 0.040 0.023,1 2 3 4,,
31,T6,"canonical (1890 rows, 17 horizons)",RRR,5,1.0,0.9954466146766673,0.9889247215385276,0.9713741816507856,0.9415855199237269,0.9743153780920717,0.213 0.115 0.019 0.014,0.540 0.240 0.040 0.023,1 2 3 4,,
31,T6,"canonical (1890 rows, 17 horizons)",RRR,6,1.0,0.9954466146766673,0.9889247215385276,0.9713741816507856,0.9415855199237269,0.9743153780920717,0.213 0.115 0.019 0.014,0.540 0.240 0.040 0.023,1 2 3 4,,
31,T6,"canonical (1890 rows, 17 horizons)",RRR,0,,,,,,,,,,4.0,0.9743153780920717
31,T6,"canonical (1890 rows, 17 horizons)",PLS2,1,,0.9352961231305472,0.003402608405488672,0.016649908798258783,0.010007964891585508,0.2410886007898052,0.213,0.540,1,,
31,T6,"canonical (1890 rows, 17 horizons)",PLS2,2,,0.9351409429168079,0.7380909795544022,0.08988836058042382,0.014316657818469247,0.4437083440040792,0.213 0.115,0.540 0.240,1 2,,
31,T6,"canonical (1890 rows, 17 horizons)",PLS2,3,,0.9593048366310761,0.783520228208473,0.6972263024074864,0.16516526135693177,0.6511861684410871,0.213 0.115 0.019,0.540 0.240 0.040,1 2 3,,
31,T6,"canonical (1890 rows, 17 horizons)",PLS2,4,,0.9596357089303492,0.8551494942309011,0.7367782925806334,0.4315516492114363,0.7456466579926229,0.213 0.115 0.019 0.014,0.540 0.240 0.040 0.024,1 2 3 4,,
31,T6,"canonical (1890 rows, 17 horizons)",PLS2,5,,0.9594868587341664,0.8810264550576861,0.7996205401522336,0.6676723223002685,0.8268571936560749,0.213 0.115 0.019 0.014,0.540 0.240 0.040 0.024,1 2 3 4 4,,
31,T6,"canonical (1890 rows, 17 horizons)",PLS2,6,,0.9602508576363329,0.8806851864266949,0.8517106888604281,0.6870037027038275,0.844866907334492,0.213 0.115 0.019 0.014,0.540 0.240 0.040 0.024,1 2 3 4 4 3,,
31,T6,"canonical (1890 rows, 17 horizons)",PLS2,0,,,,,,,,,,5.0,0.844866907334492
31,T6,"extended (1927 rows, 25 horizons)",RRR,1,1.0,0.9590404274476557,0.019192220169089058,0.010095118820609206,0.011946440119650514,0.2502286976522843,0.193,0.341,1,,
31,T6,"extended (1927 rows, 25 horizons)",RRR,2,1.0,0.9805519842614879,0.9169227882931774,0.016293815623124486,0.0786256436717988,0.4987328826707912,0.193 0.215,0.341 0.375,1 2,,
31,T6,"extended (1927 rows, 25 horizons)",RRR,3,1.0,0.9946824938418501,0.917720447425408,0.9624320773473076,0.09465828879008154,0.743175266756632,0.193 0.215 0.067,0.341 0.375 0.111,1 2 3,,
31,T6,"extended (1927 rows, 25 horizons)",RRR,4,1.0,0.997052176408825,0.9927023808431258,0.9769818140025681,0.9620147036791387,0.9822146047009348,0.193 0.215 0.067 0.018,0.341 0.375 0.111 0.025,1 2 3 4,,
31,T6,"extended (1927 rows, 25 horizons)",RRR,5,1.0,0.997052176408825,0.9927023808431258,0.9769818140025681,0.9620147036791387,0.9822146047009348,0.193 0.215 0.067 0.018,0.341 0.375 0.111 0.025,1 2 3 4,,
31,T6,"extended (1927 rows, 25 horizons)",RRR,6,1.0,0.997052176408825,0.9927023808431258,0.9769818140025681,0.9620147036791387,0.9822146047009348,0.193 0.215 0.067 0.018,0.341 0.375 0.111 0.025,1 2 3 4,,
31,T6,"extended (1927 rows, 25 horizons)",RRR,0,,,,,,,,,,4.0,0.9822146047009348
31,T6,"extended (1927 rows, 25 horizons)",PLS2,1,,0.25286050716575625,0.5457517827864973,0.03742127309515486,0.06679089960065965,0.2260154243095288,0.233,0.413,2,,
31,T6,"extended (1927 rows, 25 horizons)",PLS2,2,,0.8866468638465128,0.6929588892800655,0.18227954223750886,0.06697052126008429,0.4577425318274846,0.233 0.186,0.413 0.324,2 1,,
31,T6,"extended (1927 rows, 25 horizons)",PLS2,3,,0.9565463959621103,0.7722143329991178,0.5402511054766996,0.21194297598125889,0.6207564301607778,0.233 0.186 0.058,0.413 0.324 0.094,2 1 3,,
31,T6,"extended (1927 rows, 25 horizons)",PLS2,4,,0.9568749788624632,0.8456178203842908,0.656358402420709,0.500549725584952,0.7401598953260007,0.233 0.186 0.058 0.017,0.413 0.324 0.094 0.021,2 1 3 4,,
31,T6,"extended (1927 rows, 25 horizons)",PLS2,5,,0.95691365286417,0.920748956465442,0.7146268984363313,0.5200507538535619,0.778431905512045,0.233 0.186 0.058 0.017,0.413 0.324 0.094 0.021,2 1 3 4 2,,
31,T6,"extended (1927 rows, 25 horizons)",PLS2,6,,0.9570297777159049,0.9258655504813414,0.7142891515877037,0.6291009010058761,0.8068177335923277,0.233 0.186 0.058 0.017,0.413 0.324 0.094 0.021,2 1 3 4 2 4,,
31,T6,"extended (1927 rows, 25 horizons)",PLS2,0,,,,,,,,,,5.0,0.8068177335923277
