layer,position,decoder,family,pull,slope,w2x,n
22,T3,ridge,elapsed_planning,0.21735904205255666,0.06730572504193308,0.0625,240
22,T3,ridge,frequency,0.32146471121540404,0.04476085770623175,0.675,240
22,T3,ridge,future_event,0.5740770851632919,0.09971740367614411,0.3875,240
22,T3,ridge,option_age,0.4466108029067777,0.061517008196624375,0.6208333333333333,240
22,T3,"ridge − N(mention+role,k=3)",elapsed_planning,0.19961996474930746,0.06497342646230814,0.08333333333333333,240
22,T3,"ridge − N(mention+role,k=3)",frequency,0.28875939826526636,0.04161855037151691,0.725,240
22,T3,"ridge − N(mention+role,k=3)",future_event,0.5643078822309291,0.10090321145622728,0.5291666666666667,240
22,T3,"ridge − N(mention+role,k=3)",option_age,0.44358568910606416,0.06277048066940395,0.6833333333333333,240
22,T3,ridge + mention/role in training,elapsed_planning,0.1670275681301825,0.045707404015135025,0.36666666666666664,240
22,T3,ridge + mention/role in training,frequency,0.1590420261991593,0.026918038557388578,0.6833333333333333,240
22,T3,ridge + mention/role in training,future_event,0.293465466999113,0.071833018256491,0.45416666666666666,240
22,T3,ridge + mention/role in training,option_age,0.21827266082984562,0.04044199388932734,0.7666666666666667,240
22,T3,"ridge − N(own family,k=3) [hold configs]",elapsed_planning,0.07803898683554408,0.027240109241726238,0.7291666666666666,96
22,T3,"ridge − N(own family,k=3) [hold configs]",frequency,0.10288745769599245,0.018109503005597733,0.7916666666666666,96
22,T3,"ridge − N(own family,k=3) [hold configs]",future_event,0.12573731431038013,0.02313839969394869,0.7708333333333334,96
22,T3,"ridge − N(own family,k=3) [hold configs]",option_age,0.45975281217625114,0.059500070055012455,0.65625,96
26,T1,ridge,elapsed_planning,0.5401428798923233,0.08093762367054236,0.5791666666666667,240
26,T1,ridge,frequency,0.5815653426903775,0.07195869678829564,0.6916666666666667,240
26,T1,ridge,future_event,0.7742413465517678,0.1552803252216043,0.5416666666666666,240
26,T1,ridge,option_age,0.5898134134144251,0.07160029618604383,0.7333333333333333,240
26,T1,"ridge − N(mention+role,k=3)",elapsed_planning,0.42167053392694404,0.05927366755099309,0.575,240
26,T1,"ridge − N(mention+role,k=3)",frequency,0.5545604421164553,0.061577186663213865,0.7083333333333334,240
26,T1,"ridge − N(mention+role,k=3)",future_event,0.7506515756140477,0.1446118952749382,0.6,240
26,T1,"ridge − N(mention+role,k=3)",option_age,0.5341780589001687,0.05678962876260091,0.7708333333333334,240
26,T1,ridge + mention/role in training,elapsed_planning,0.4150968397391007,0.05082165089472854,0.8458333333333333,240
26,T1,ridge + mention/role in training,frequency,0.5534773984918241,0.06268060195355186,0.6375,240
26,T1,ridge + mention/role in training,future_event,0.7199839618053137,0.13612950201153673,0.625,240
26,T1,ridge + mention/role in training,option_age,0.46993400056961865,0.047596346256471724,0.8666666666666667,240
26,T1,"ridge − N(own family,k=3) [hold configs]",elapsed_planning,0.34222782048560185,0.03847801115451654,0.8333333333333334,96
26,T1,"ridge − N(own family,k=3) [hold configs]",frequency,0.3305124753652103,0.03003068140760511,0.7395833333333334,96
26,T1,"ridge − N(own family,k=3) [hold configs]",future_event,0.417534715861321,0.06821279541900631,0.6770833333333334,96
26,T1,"ridge − N(own family,k=3) [hold configs]",option_age,0.3135387461089257,0.029065029092262926,0.8229166666666666,96
22,R0,ridge,elapsed_planning,0.6599118201880704,0.16839471584536336,0.32083333333333336,240
22,R0,ridge,frequency,0.6431113043060469,0.08408912802344458,0.6833333333333333,240
22,R0,ridge,future_event,0.6466760887278364,0.11993626899731229,0.5416666666666666,240
22,R0,ridge,option_age,0.49163199718928674,0.10767274990942437,0.475,240
22,R0,"ridge − N(mention+role,k=3)",elapsed_planning,0.6554186672206662,0.15608493468930532,0.37083333333333335,240
22,R0,"ridge − N(mention+role,k=3)",frequency,0.6424588736175415,0.07910028811310715,0.55,240
22,R0,"ridge − N(mention+role,k=3)",future_event,0.638918894486498,0.11748966647172383,0.4875,240
22,R0,"ridge − N(mention+role,k=3)",option_age,0.5218076050197362,0.10783520127900388,0.4625,240
22,R0,ridge + mention/role in training,elapsed_planning,0.530802799475008,0.11054419183302709,0.5375,240
22,R0,ridge + mention/role in training,frequency,0.4321265926866961,0.044827386716534925,0.6041666666666666,240
22,R0,ridge + mention/role in training,future_event,0.582364303700583,0.08140356277869609,0.6791666666666667,240
22,R0,ridge + mention/role in training,option_age,0.34244296905706756,0.06725184932311501,0.4875,240
22,R0,"ridge − N(own family,k=3) [hold configs]",elapsed_planning,0.06520434122594312,0.008254431398097879,0.8020833333333334,96
22,R0,"ridge − N(own family,k=3) [hold configs]",frequency,0.17428526162889418,0.018243772423921,0.8020833333333334,96
22,R0,"ridge − N(own family,k=3) [hold configs]",future_event,-0.044705093137599405,0.0029844305402675153,0.84375,96
22,R0,"ridge − N(own family,k=3) [hold configs]",option_age,0.15661334987920308,0.012180893603551927,0.8958333333333334,96
