layer,position,ridge_A_w2x,ridge_A_rmse,ridge_mention_pull,ridge_mention_w2x,ridge_role_pull,ridge_role_w2x,proj3_A_w2x,proj3_A_rmse,proj3_mention_pull,proj3_mention_w2x,proj3_role_pull,proj3_role_w2x
14,T0,0.7118055555555556,0.2898203584505023,0.6523143235915627,0.15625,0.275875908365052,0.08333333333333333,0.7048611111111112,0.2870256469592716,0.8009280478853777,0.34375,0.12785767717167162,0.3958333333333333
14,T1,0.875,0.1991342951927142,0.8026579287314509,0.34375,0.8029478412254305,0.11458333333333333,0.8715277777777778,0.19847450435020364,0.8038043987823776,0.3541666666666667,0.7002857672454803,0.3333333333333333
14,T2,0.9027777777777778,0.17266196059753705,0.6966874632549509,0.5104166666666666,0.5613401246508964,0.5,0.8888888888888888,0.1748155932171967,0.8401115450105466,0.46875,0.5137446598551156,0.625
14,T3,0.7465277777777778,0.2783184894425022,0.7756650036862557,0.3125,0.8733706718000832,0.1875,0.75,0.27818880286251796,0.7726326243207864,0.22916666666666666,0.7838187258477135,0.3125
14,T4,0.7118055555555556,0.2962070528057268,0.7516094841561571,0.3125,0.8719660152256996,0.07291666666666667,0.7118055555555556,0.3001532942889114,0.7621922846262512,0.34375,0.6012405143000542,0.3854166666666667
14,T5,0.7048611111111112,0.29197628028766226,0.7063815798394154,0.125,0.5709216467911364,0.010416666666666666,0.71875,0.29282526115347507,0.7867905118727648,0.22916666666666666,0.5873500215089275,0.3854166666666667
14,T6,0.78125,0.24496113098558,0.7198746504387853,0.17708333333333334,0.7853523122525962,0.041666666666666664,0.7916666666666666,0.24705052632426103,0.7674633333219326,0.19791666666666666,0.48820298185521255,0.3645833333333333
14,T7,0.7604166666666666,0.26462827711633036,0.7339714833726668,0.19791666666666666,0.7209416832475272,0.10416666666666667,0.7777777777777778,0.26031494723626003,0.7538210181005487,0.16666666666666666,0.730204273701796,0.3020833333333333
14,T8,0.7847222222222222,0.2622125751704751,0.8268355574977427,0.28125,0.6007247949780582,0.125,0.7708333333333334,0.2620377417286367,0.8290403075956789,0.2604166666666667,0.42593665950475834,0.3541666666666667
14,R0,0.8298611111111112,0.24329706854685665,0.7011240988366442,0.15625,0.9064717093355579,0.09375,0.8125,0.24768121234253482,0.812921888418151,0.21875,0.774970068007152,0.3333333333333333
18,T0,0.8680555555555556,0.20200604413245848,0.7246097752645069,0.4895833333333333,0.8717895849313326,0.0,0.875,0.20183575389963576,0.6334755819855041,0.5520833333333334,0.6511770733864746,0.3541666666666667
18,T1,0.9236111111111112,0.1627951894799666,0.6990957287465427,0.4895833333333333,0.8642370111763134,0.34375,0.9201388888888888,0.16267102251849602,0.6996520041558683,0.5520833333333334,0.6121656209897045,0.4895833333333333
18,T2,0.8923611111111112,0.2015272445010179,0.6101052309473797,0.4895833333333333,0.6294965045209883,0.6875,0.9027777777777778,0.20411564231758936,0.558622620198954,0.6458333333333334,0.5760381253277802,0.78125
18,T3,0.7777777777777778,0.25494417884794307,0.685575522761352,0.4166666666666667,0.5660494563543855,0.3541666666666667,0.7673611111111112,0.255590839171245,0.6999504933998966,0.4375,0.4873615450666929,0.3854166666666667
18,T4,0.8402777777777778,0.2263836185658223,0.6770278762278146,0.3229166666666667,0.49819165082860717,0.2604166666666667,0.8368055555555556,0.22751150666532163,0.6973115771288283,0.40625,0.09130946311548739,0.4166666666666667
18,T5,0.7604166666666666,0.26194051377131106,0.7011105311437337,0.19791666666666666,0.4798564717755418,0.0,0.78125,0.2593990035765181,0.7670698702275317,0.2708333333333333,0.5970876166018766,0.2708333333333333
18,T6,0.875,0.20216801190949335,0.7037969343399884,0.3229166666666667,0.7933052470602172,0.041666666666666664,0.875,0.2044897074983986,0.717310356478724,0.2604166666666667,0.41218866810523563,0.34375
18,T7,0.7673611111111112,0.264475226182383,0.7052011905562124,0.2604166666666667,0.571233792696555,0.09375,0.78125,0.26175740436495687,0.7106961061849151,0.25,0.4722767548983124,0.3229166666666667
18,T8,0.7291666666666666,0.28137919547444157,0.7887103404195831,0.34375,0.5599083249543025,0.13541666666666666,0.71875,0.2825054218980061,0.7906437366593118,0.3645833333333333,0.19836872289350793,0.3229166666666667
18,R0,0.7847222222222222,0.25190744670973025,0.7133350224559835,0.3229166666666667,0.8093264749448537,0.13541666666666666,0.7951388888888888,0.2509955358121783,0.7282391331180327,0.3541666666666667,0.7210570415169211,0.4166666666666667
22,T0,0.8958333333333334,0.17878740032718646,0.4890067878758095,0.4895833333333333,0.8755149784546978,0.16666666666666666,0.8958333333333334,0.17916395498769389,0.4864967646873897,0.7291666666666666,0.7067797592342973,0.4583333333333333
22,T1,0.9583333333333334,0.13793859588864785,0.38467122939501,0.1875,0.5315369764639747,0.3645833333333333,0.9548611111111112,0.1388668826687989,0.4062302934295991,0.8333333333333334,0.43122278255521646,0.375
22,T2,0.9131944444444444,0.18612837745020971,0.09631705197076665,0.5,0.3547606072887693,0.5104166666666666,0.9097222222222222,0.1889480634594897,-0.00573913410108949,0.6875,0.35901529169523566,0.7083333333333334
22,T3,0.90625,0.18022294328111854,0.05699109407003878,0.4270833333333333,0.7965284928226918,0.20833333333333334,0.9027777777777778,0.18083891233584992,0.17145493530843472,0.6666666666666666,0.6695665386839605,0.3541666666666667
22,T4,0.8263888888888888,0.22422176731706853,0.542463497942695,0.4791666666666667,0.4571648216077215,0.4583333333333333,0.8333333333333334,0.22455343523431728,0.5266774872414712,0.6145833333333334,0.20938204473034178,0.6145833333333334
22,T5,0.8715277777777778,0.19872366429728905,0.6529791405441712,0.4583333333333333,0.7155741308304382,0.07291666666666667,0.875,0.19910144211186415,0.670963117496876,0.4583333333333333,0.6360244254125682,0.34375
22,T6,0.9409722222222222,0.15523536507393468,0.7683452333611073,0.3645833333333333,0.876010340435036,0.041666666666666664,0.9444444444444444,0.1553379657167385,0.7757396259972626,0.46875,0.5835499843994838,0.3854166666666667
22,T7,0.7951388888888888,0.22919586147654397,0.6821564641479371,0.2916666666666667,0.5852192864154179,0.11458333333333333,0.7916666666666666,0.22906185434545367,0.6978542848452433,0.3125,0.41799051047768965,0.3333333333333333
22,T8,0.8923611111111112,0.19899563011289376,0.6791173009360126,0.6145833333333334,0.9074081470518136,0.15625,0.8958333333333334,0.19820358742758018,0.6603260462551404,0.5520833333333334,0.8112739939634434,0.3333333333333333
22,R0,0.9201388888888888,0.17543883196458673,0.6023309429097338,0.4375,0.9430674238556102,0.16666666666666666,0.9166666666666666,0.17647575509039481,0.6188631767210281,0.7395833333333334,0.879803591763927,0.4270833333333333
26,T0,0.9236111111111112,0.17098974574403858,0.4073631957876156,0.78125,0.7746579221017333,0.17708333333333334,0.9236111111111112,0.17115896832136565,0.3818762846554723,0.7604166666666666,0.6535860254826396,0.3541666666666667
26,T1,0.9548611111111112,0.15273222051689092,0.4073835473269812,0.84375,0.7539748629774763,0.3229166666666667,0.9548611111111112,0.15312940913720807,0.1396658308194213,0.7708333333333334,0.3527113015618908,0.5416666666666666
26,T2,0.8159722222222222,0.23096584122144342,0.17600011243341102,0.8333333333333334,0.3589542196702625,0.7916666666666666,0.8229166666666666,0.23147628223537003,0.08122977745442737,0.8229166666666666,0.21961500180362914,0.8020833333333334
26,T3,0.8888888888888888,0.1917648938946351,0.19370595168145308,0.3958333333333333,0.7615545798547056,0.22916666666666666,0.8923611111111112,0.19187897963491143,0.2321974964681927,0.5833333333333334,0.6967775186997975,0.40625
26,T4,0.8055555555555556,0.23631507499018675,0.6497093265527702,0.46875,0.5814192493059743,0.5,0.8020833333333334,0.23473879778697,0.5802970096232815,0.6458333333333334,0.4059050353135485,0.6145833333333334
26,T5,0.8611111111111112,0.2002411792837959,0.6714447705951944,0.4270833333333333,0.8380506840239157,0.041666666666666664,0.8611111111111112,0.20027173342064963,0.711734034692559,0.4583333333333333,0.5834074830078796,0.2708333333333333
26,T6,0.9409722222222222,0.16260163677352812,0.7627960469607631,0.6041666666666666,0.8880754582575193,0.10416666666666667,0.9340277777777778,0.16456796233933257,0.7542009135020391,0.59375,0.7148344807502073,0.3854166666666667
26,T7,0.8923611111111112,0.1941700506305855,0.690500595287819,0.3541666666666667,0.690242812027665,0.25,0.8958333333333334,0.1938189419798235,0.7117204669996486,0.34375,0.6196231938169875,0.3541666666666667
26,T8,0.90625,0.16793132582289103,0.7049637559302809,0.6770833333333334,0.7759132915039604,0.25,0.90625,0.1675215202016656,0.6292221102581009,0.6875,0.7006861282980823,0.3958333333333333
26,R0,0.9444444444444444,0.16809127682823558,0.6578228069131759,0.65625,0.7932984612796649,0.2916666666666667,0.9444444444444444,0.16778252355671325,0.6474706572225581,0.65625,0.7133958952730607,0.4479166666666667
29,T0,0.8958333333333334,0.18496298935882993,0.44284949659470674,0.6145833333333334,0.4942219692053491,0.3229166666666667,0.8993055555555556,0.18445580415662347,0.38984052039386363,0.6666666666666666,0.4693588692607039,0.3645833333333333
29,T1,0.9027777777777778,0.18469245138484244,0.3015555426260402,0.78125,0.7441694100790011,0.3229166666666667,0.9131944444444444,0.18558374904020303,0.1319865166321479,0.6354166666666666,0.6405301836994799,0.46875
29,T2,0.7847222222222222,0.2585361385287234,0.28697705659384004,0.7291666666666666,0.38611091344167897,0.6458333333333334,0.7881944444444444,0.2574221332156328,0.2085150884931296,0.71875,0.3210963499674307,0.7708333333333334
29,T3,0.8472222222222222,0.2018684369829088,0.12023011072530616,0.4375,0.3392143840428135,0.28125,0.8402777777777778,0.2026919861514229,0.10416596231941976,0.3645833333333333,0.2906621241891191,0.3958333333333333
29,T4,0.7847222222222222,0.26151941549037155,0.5789945111038852,0.5729166666666666,0.4707160253712194,0.46875,0.7881944444444444,0.2626791467472251,0.4968149951457314,0.6458333333333334,0.34311620786054575,0.65625
29,T5,0.8055555555555556,0.2374784472667796,0.6178388159062946,0.3958333333333333,0.6307315165815575,0.08333333333333333,0.8020833333333334,0.23688005578423668,0.6885875505874558,0.5104166666666666,0.3496373429715731,0.23958333333333334
29,T6,0.9097222222222222,0.1824559445167343,0.7413862275481881,0.5625,0.8631105716045854,0.09375,0.9097222222222222,0.1837104800831928,0.748692430180426,0.5833333333333334,0.7014529215005236,0.3333333333333333
29,T7,0.8229166666666666,0.23212629727636466,0.695900537066149,0.46875,0.5874246650950057,0.14583333333333334,0.8229166666666666,0.231865290044833,0.6960022947629768,0.3958333333333333,0.45662874494406785,0.4583333333333333
29,T8,0.9166666666666666,0.17639549048906586,0.5768779510098664,0.7291666666666666,0.6543121040017654,0.4270833333333333,0.9201388888888888,0.17575519598410091,0.5785739126236635,0.7916666666666666,0.6298832940124852,0.4895833333333333
29,R0,0.9097222222222222,0.17470843875086492,0.6714719059810151,0.46875,0.639851605644222,0.4583333333333333,0.9166666666666666,0.1744499391754984,0.7054454090285993,0.5104166666666666,0.7211656140057623,0.4791666666666667
33,T0,0.8611111111111112,0.2119806588225772,0.32481735212088164,0.125,0.5839571312326384,0.3333333333333333,0.8715277777777778,0.2105243664286385,0.3233995282117472,0.6666666666666666,0.6027469575827266,0.3854166666666667
33,T1,0.9166666666666666,0.170160789387016,0.37254849577958804,0.6666666666666666,0.7460558570726178,0.3020833333333333,0.9201388888888888,0.17045569614813708,0.30260025498013926,0.7291666666666666,0.787991980887549,0.3333333333333333
33,T2,0.7361111111111112,0.30397509309345033,0.07610797338076003,0.5833333333333334,0.4695760142383864,0.4791666666666667,0.7465277777777778,0.30096943807001647,-0.007971019584846514,0.5625,0.4745228482612156,0.6041666666666666
33,T3,0.78125,0.25786874461424814,0.05889057107749156,0.2708333333333333,0.35064163849335456,0.3020833333333333,0.7743055555555556,0.2577902808074283,0.09949189211179488,0.4270833333333333,0.34209155499710653,0.3541666666666667
33,T4,0.8263888888888888,0.22643273196978594,0.6724216444847415,0.3333333333333333,0.7172162897241621,0.5729166666666666,0.8263888888888888,0.226444075765065,0.639296122244056,0.6145833333333334,0.6790123452131487,0.5520833333333334
33,T5,0.7430555555555556,0.26635783246796046,0.5945837902579084,0.4583333333333333,0.7235677803213749,0.0625,0.7361111111111112,0.2660818787930222,0.5893873638732341,0.4895833333333333,0.5060360131473871,0.2708333333333333
33,T6,0.8611111111111112,0.20864598592892492,0.467366317683758,0.3541666666666667,0.7230792041215892,0.25,0.8611111111111112,0.20807338003127082,0.50647519249792,0.4166666666666667,0.6331065397749598,0.3541666666666667
33,T7,0.7673611111111112,0.27395574789972815,0.6521922143553693,0.3645833333333333,0.7127648176816709,0.020833333333333332,0.75,0.2763113422320113,0.6844358365568805,0.40625,0.4596280599483073,0.3854166666666667
33,T8,0.9409722222222222,0.16068180793135656,0.80172854176709,0.6666666666666666,0.70004826492614,0.2708333333333333,0.9444444444444444,0.15988493226578582,0.8065586404431841,0.6666666666666666,0.5500960862752751,0.4583333333333333
33,R0,0.9027777777777778,0.17527091074091047,0.7363322619390725,0.6354166666666666,0.5907361260046636,0.3958333333333333,0.9097222222222222,0.17536916425426122,0.7346430841717306,0.625,0.5504353753029039,0.4895833333333333
37,T0,0.8402777777777778,0.2179262441471936,0.37968510225044644,0.3229166666666667,0.675538025570229,0.11458333333333333,0.84375,0.21583064985148842,0.3750110320428215,0.625,0.47984290021443665,0.3541666666666667
37,T1,0.90625,0.1740729018754242,0.6211493329764267,0.6979166666666666,0.5912518453266595,0.2916666666666667,0.8993055555555556,0.1748525961712163,0.5623944388280389,0.6875,0.6403537534051128,0.3958333333333333
37,T2,0.6701388888888888,0.3385178275873285,0.18413394433318206,0.5416666666666666,0.40901292280662926,0.3229166666666667,0.6666666666666666,0.3422579660801749,0.09251809795586108,0.5833333333333334,0.34314335098275617,0.4166666666666667
37,T3,0.7048611111111112,0.2892266980450285,0.1873087844742103,0.2604166666666667,0.31863989740739757,0.125,0.7083333333333334,0.2918653523488203,0.205794766064599,0.4375,0.16265515984529078,0.3229166666666667
37,T4,0.8368055555555556,0.22666345908064203,0.3369333018898483,0.3541666666666667,0.6011726564945284,0.3854166666666667,0.8402777777777778,0.2254491052158606,0.4498911292151925,0.6875,0.6731697881573792,0.40625
37,T5,0.6875,0.32877135874247715,0.4066441080633656,0.375,0.8056485818853565,0.09375,0.6909722222222222,0.3217025506019401,0.5525714291609258,0.53125,0.42213662239531474,0.3125
37,T6,0.8229166666666666,0.22226471107714954,0.6947065800900358,0.4791666666666667,0.6147035029163685,0.23958333333333334,0.8194444444444444,0.22170690099940246,0.7021009727261914,0.5104166666666666,0.5059342264390985,0.3125
37,T7,0.7569444444444444,0.2779176773749658,0.6820343549117437,0.3645833333333333,0.6473634647159258,0.20833333333333334,0.7534722222222222,0.278553506917214,0.6927867515432174,0.3958333333333333,0.5315369764639747,0.3333333333333333
37,T8,0.8923611111111112,0.18044154181191,0.7579862998240343,0.6041666666666666,0.4897840687239632,0.3541666666666667,0.8923611111111112,0.1797008297326039,0.7415897429418437,0.5729166666666666,0.43743177176082515,0.4270833333333333
37,R0,0.90625,0.1775684853622018,0.8105814613911109,0.4895833333333333,0.5073795976967975,0.16666666666666666,0.9131944444444444,0.17642877162577475,0.8147603108075071,0.4583333333333333,0.44106216435645434,0.4375
