tag,layer,position,test_within2x,mention_within2x,mention_rho,role_within2x,role_rho
train-structured+plain+varied-investment+climate,14,T0,0.7118055555555556,0.22916666666666666,0.6974411162737065,0.07083333333333333,0.3918368347761956
train-structured+plain+varied-investment+climate,14,T1,0.875,0.3375,0.8460618758428885,0.10416666666666667,0.8178091734512252
train-structured+plain+varied-investment+climate,14,T2,0.9027777777777778,0.475,0.6865272526710722,0.55,0.5341509650768249
train-structured+plain+varied-investment+climate,14,T3,0.7465277777777778,0.30833333333333335,0.8516755137439811,0.20833333333333334,0.8546433678558439
train-structured+plain+varied-investment+climate,14,T4,0.7118055555555556,0.25833333333333336,0.8037208426792195,0.06666666666666667,0.8706205709387641
train-structured+plain+varied-investment+climate,14,T5,0.7048611111111112,0.14166666666666666,0.743877778388567,0.004166666666666667,0.5981214369502302
train-structured+plain+varied-investment+climate,14,T6,0.78125,0.19166666666666668,0.7418076083336403,0.0375,0.7466531938562226
train-structured+plain+varied-investment+climate,14,T7,0.7604166666666666,0.2125,0.8027940628370579,0.16666666666666666,0.7016352150650352
train-structured+plain+varied-investment+climate,14,T8,0.7847222222222222,0.25,0.8545700186561744,0.0875,0.6019916587487918
train-structured+plain+varied-investment+climate,14,R0,0.8298611111111112,0.14583333333333334,0.7507459332657003,0.075,0.9204197695463949
train-structured+plain+varied-investment+climate,18,T0,0.8680555555555556,0.49166666666666664,0.7585868814104137,0.0,0.8703161812292621
train-structured+plain+varied-investment+climate,18,T1,0.9236111111111112,0.44583333333333336,0.7884296264169333,0.4083333333333333,0.8524514145697295
train-structured+plain+varied-investment+climate,18,T2,0.8923611111111112,0.4166666666666667,0.686170431579617,0.6875,0.5942707551472861
train-structured+plain+varied-investment+climate,18,T3,0.7777777777777778,0.3625,0.7443470285100549,0.4166666666666667,0.6533253983455526
train-structured+plain+varied-investment+climate,18,T4,0.8402777777777778,0.3125,0.761173617279004,0.2875,0.5887166199486549
train-structured+plain+varied-investment+climate,18,T5,0.7604166666666666,0.24583333333333332,0.7352463543222723,0.004166666666666667,0.5474733340885675
train-structured+plain+varied-investment+climate,18,T6,0.875,0.3375,0.7693883159830155,0.04583333333333333,0.7800492174764805
train-structured+plain+varied-investment+climate,18,T7,0.7673611111111112,0.275,0.778842338550901,0.0875,0.6060954920505088
train-structured+plain+varied-investment+climate,18,T8,0.7291666666666666,0.32083333333333336,0.8012265677503857,0.09583333333333334,0.6299898671353553
train-structured+plain+varied-investment+climate,18,R0,0.7847222222222222,0.325,0.780764918373352,0.1625,0.8178052654521019
train-structured+plain+varied-investment+climate,22,T0,0.8958333333333334,0.4666666666666667,0.5349477430296782,0.15833333333333333,0.8299118125143355
train-structured+plain+varied-investment+climate,22,T1,0.9583333333333334,0.23333333333333334,0.5327078442074049,0.35833333333333334,0.5742487729716251
train-structured+plain+varied-investment+climate,22,T2,0.9131944444444444,0.49166666666666664,0.1628367375789932,0.6583333333333333,0.3047935360781116
train-structured+plain+varied-investment+climate,22,T3,0.90625,0.42083333333333334,0.22444220288096917,0.26666666666666666,0.8072623522613611
train-structured+plain+varied-investment+climate,22,T4,0.7013888888888888,0.44166666666666665,0.6054177381474762,0.2375,0.4927895707987851
train-structured+plain+varied-investment+climate,22,T5,0.8715277777777778,0.4625,0.7187409913534165,0.08333333333333333,0.7361250442177261
train-structured+plain+varied-investment+climate,22,T6,0.9409722222222222,0.3625,0.8013311831798756,0.03333333333333333,0.8531726575190631
train-structured+plain+varied-investment+climate,22,T7,0.7951388888888888,0.25416666666666665,0.7615148111693735,0.12083333333333333,0.6228295442969981
train-structured+plain+varied-investment+climate,22,T8,0.8923611111111112,0.6083333333333333,0.7256681823235399,0.1625,0.9063757233631937
train-structured+plain+varied-investment+climate,22,R0,0.9201388888888888,0.4791666666666667,0.6422614692403568,0.15,0.9210480889610161
train-structured+plain+varied-investment+climate,26,T0,0.9236111111111112,0.775,0.4629584366952219,0.17083333333333334,0.7789332666156812
train-structured+plain+varied-investment+climate,26,T1,0.9548611111111112,0.8416666666666667,0.5753718395268435,0.35,0.7403821579295061
train-structured+plain+varied-investment+climate,26,T2,0.8159722222222222,0.7916666666666666,0.22374505607698258,0.7875,0.49337620488942296
train-structured+plain+varied-investment+climate,26,T3,0.8888888888888888,0.3958333333333333,0.28261619527789283,0.31666666666666665,0.7424186596949334
train-structured+plain+varied-investment+climate,26,T4,0.6354166666666666,0.5333333333333333,0.635897725687154,0.15,0.5328252849297354
train-structured+plain+varied-investment+climate,26,T5,0.8611111111111112,0.4375,0.6709369491435637,0.03333333333333333,0.8374872517040252
train-structured+plain+varied-investment+climate,26,T6,0.9409722222222222,0.5916666666666667,0.764304266563158,0.09166666666666666,0.8762615505623602
train-structured+plain+varied-investment+climate,26,T7,0.8923611111111112,0.38333333333333336,0.7371059912514619,0.30416666666666664,0.7073178800126144
train-structured+plain+varied-investment+climate,26,T8,0.90625,0.6916666666666667,0.7012610987613043,0.25833333333333336,0.8319947760471191
train-structured+plain+varied-investment+climate,26,R0,0.9444444444444444,0.6916666666666667,0.6387805101985332,0.2875,0.7922912418416594
train-structured+plain+varied-investment+climate,29,T0,0.8958333333333334,0.55,0.5308855389252531,0.375,0.5796088108804595
train-structured+plain+varied-investment+climate,29,T1,0.9027777777777778,0.7625,0.48412287603218973,0.375,0.7489749795576597
train-structured+plain+varied-investment+climate,29,T2,0.7847222222222222,0.725,0.238403370695301,0.6875,0.3990327638287884
train-structured+plain+varied-investment+climate,29,T3,0.8472222222222222,0.425,0.24817992133003697,0.26666666666666666,0.39481125633124386
train-structured+plain+varied-investment+climate,29,T4,0.7326388888888888,0.4125,0.5465904419273894,0.5791666666666667,0.41177414363751574
train-structured+plain+varied-investment+climate,29,T5,0.8055555555555556,0.3958333333333333,0.6277772242785754,0.058333333333333334,0.678398252277173
train-structured+plain+varied-investment+climate,29,T6,0.9097222222222222,0.575,0.7455915614409575,0.125,0.8225929986004175
train-structured+plain+varied-investment+climate,29,T7,0.8229166666666666,0.4666666666666667,0.732199050110575,0.125,0.6389891206723446
train-structured+plain+varied-investment+climate,29,T8,0.9166666666666666,0.7583333333333333,0.5534572945377655,0.42916666666666664,0.7005427121989766
train-structured+plain+varied-investment+climate,29,R0,0.9097222222222222,0.5583333333333333,0.6557911526691576,0.5208333333333334,0.6623085856639233
train-structured+plain+varied-investment+climate,33,T0,0.8611111111111112,0.18333333333333332,0.3608064618209098,0.3958333333333333,0.6351831637482572
train-structured+plain+varied-investment+climate,33,T1,0.9166666666666666,0.7083333333333334,0.5364774723803934,0.36666666666666664,0.7803457911877356
train-structured+plain+varied-investment+climate,33,T2,0.7361111111111112,0.6458333333333334,0.14063222119199303,0.5041666666666667,0.4400611097370876
train-structured+plain+varied-investment+climate,33,T3,0.78125,0.2875,0.15203530300639145,0.3375,0.4489244517490068
train-structured+plain+varied-investment+climate,33,T4,0.7604166666666666,0.26666666666666666,0.5551940843028654,0.6666666666666666,0.6994415248904213
train-structured+plain+varied-investment+climate,33,T5,0.7430555555555556,0.4375,0.5948012254543876,0.05416666666666667,0.7212655288841043
train-structured+plain+varied-investment+climate,33,T6,0.8611111111111112,0.3958333333333333,0.5354161249733279,0.275,0.6638739564239159
train-structured+plain+varied-investment+climate,33,T7,0.7673611111111112,0.425,0.6692162206684685,0.025,0.7471173773076601
train-structured+plain+varied-investment+climate,33,T8,0.9409722222222222,0.6916666666666667,0.781282786453773,0.2833333333333333,0.7045614379642279
train-structured+plain+varied-investment+climate,33,R0,0.9027777777777778,0.6416666666666667,0.7766944665794653,0.38333333333333336,0.5974210366628884
train-structured+plain+varied-investment+climate,37,T0,0.8402777777777778,0.4041666666666667,0.3208702812687513,0.09166666666666666,0.6357498236211532
train-structured+plain+varied-investment+climate,37,T1,0.90625,0.7416666666666667,0.6773792627911136,0.3541666666666667,0.6622912167789303
train-structured+plain+varied-investment+climate,37,T2,0.6736111111111112,0.6041666666666666,0.18285127536941032,0.3958333333333333,0.4500247706133123
train-structured+plain+varied-investment+climate,37,T3,0.7048611111111112,0.2375,0.2662870724101695,0.10833333333333334,0.39055761639646236
train-structured+plain+varied-investment+climate,37,T4,0.84375,0.30833333333333335,0.34940207773975424,0.42916666666666664,0.6251682646613033
train-structured+plain+varied-investment+climate,37,T5,0.6875,0.3416666666666667,0.4185719765450119,0.06666666666666667,0.7484856112229823
train-structured+plain+varied-investment+climate,37,T6,0.8229166666666666,0.5,0.7251620346439331,0.25,0.6120964418155843
train-structured+plain+varied-investment+climate,37,T7,0.7534722222222222,0.39166666666666666,0.7122300916566575,0.2375,0.6825211913523823
train-structured+plain+varied-investment+climate,37,T8,0.8923611111111112,0.6,0.7949405261136923,0.35833333333333334,0.5162792508632951
train-structured+plain+varied-investment+climate,37,R0,0.90625,0.49583333333333335,0.8378406658050914,0.16666666666666666,0.5356498998517192
