layer,position,alpha,n,rmse,bias,rmse_debiased,medae,rho,within2x
14,T0,1.0,192,0.23208279070919766,0.010118218236090016,0.2318621215358302,0.12828601573835394,0.9865515102009613,0.8489583333333334
14,T0,10.0,192,0.3437025920568058,0.0032443721820128676,0.3436872791298969,0.18292236328125,0.9730174425074954,0.6822916666666666
14,T0,100.0,192,0.8048855831366196,0.0015170941481205587,0.8048841533826604,0.5872304206106944,0.9381569651152355,0.23958333333333334
14,T0,1000.0,192,1.3466794196374814,0.001729567942938474,1.346678308977268,1.1958931490368485,0.8559682631221892,0.125
14,T0,10000.0,192,1.4795717376250745,0.0003476426357242139,1.4795716967837282,1.3296870283372044,0.6931903398635063,0.125
14,T1,1.0,192,0.1835298486015785,0.023956814878107375,0.181959545912311,0.11071029076212202,0.9902016072455625,0.921875
14,T1,10.0,192,0.2939142716365223,-0.018736241288064653,0.2933164712968278,0.1580519676208496,0.9800715626386353,0.7708333333333334
14,T1,100.0,192,0.5155092081298043,-0.06370107136873278,0.5115583223573764,0.2957792282104492,0.9526753286409532,0.5104166666666666
14,T1,1000.0,192,1.0994432484680523,-0.023755419281203283,1.0991865795472382,0.901013414836322,0.9278218588765887,0.203125
14,T1,10000.0,192,1.4403434574337493,-0.0029656726204640993,1.4403404042649484,1.2886897730592834,0.8942327636009877,0.125
14,T3,1.0,192,0.26596652042426083,-0.025597331948159868,0.2647318767804974,0.16377122758231621,0.9838857089886119,0.7604166666666666
14,T3,10.0,192,0.3329614797960717,0.02387200119388229,0.3321046139200555,0.22851078154243964,0.9762984286150023,0.6666666666666666
14,T3,100.0,192,0.74293810567562,0.03944736853035418,0.7418901091003365,0.5451121994049343,0.95595631474846,0.25
14,T3,1000.0,192,1.3207813606256635,0.013810118136725094,1.3207091592069877,1.1604854869608032,0.9028043398068493,0.15625
14,T3,10000.0,192,1.475479383426131,0.002254670583130188,1.4754776607512963,1.3315752401537537,0.7458091545626473,0.125
14,T5,1.0,192,0.2802448451978743,0.025196422609608637,0.27910985928063975,0.13374141929188843,0.9826553391982968,0.7864583333333334
14,T5,10.0,192,0.4240712818734597,0.04700626877240466,0.4214580202177861,0.23549314197739465,0.9605496952989696,0.6197916666666666
14,T5,100.0,192,0.7479752227737936,-0.021535138812739375,0.7476651467601138,0.4863581657409668,0.9028453521331932,0.2760416666666667
14,T5,1000.0,192,1.2050970863862145,-0.03776655864177022,1.2045051575916563,0.9741018819574463,0.7332593827014335,0.11979166666666667
14,T5,10000.0,192,1.441993472314595,-0.004884762165339025,1.4419851987092276,1.259562022197926,0.6199013126870725,0.13020833333333334
14,T8,1.0,192,0.21282002837187344,0.000957068774025909,0.21281787635339,0.12424103857674146,0.9864694855482735,0.8854166666666666
14,T8,10.0,192,0.3259269516447207,0.06929394488326834,0.3184756301680471,0.2123902102735683,0.9748219848666242,0.6458333333333334
14,T8,100.0,192,0.6494949777586483,0.09268188300025589,0.6428481894640709,0.4070335393164439,0.9516910328087012,0.34375
14,T8,1000.0,192,1.263570518094975,0.03638918707561619,1.2630464287835104,1.0966467663235306,0.9199885045449163,0.18229166666666666
14,T8,10000.0,192,1.4679836908605046,0.005582096618087358,1.4679730776924267,1.3186422615832925,0.821107785729929,0.125
14,R0,1.0,192,0.22626127434973659,-0.016549769070822725,0.2256552002814675,0.12418105750140074,0.9878228923176201,0.828125
14,R0,10.0,192,0.32603090971383863,0.03192592080476012,0.3244640036577269,0.1965894802994369,0.9765034902467216,0.6927083333333334
14,R0,100.0,192,0.5806715621642679,0.04482304593962557,0.5789389930372503,0.3581905999131151,0.9602215966882188,0.4427083333333333
14,R0,1000.0,192,1.2319831408750443,0.020167039959799515,1.2318180668830925,1.0371132451061356,0.9395513842109259,0.19791666666666666
14,R0,10000.0,192,1.4643740994467687,0.0029289515808063418,1.4643711702888624,1.3088807794217217,0.7923171326365567,0.125
18,T0,1.0,192,0.1842103401445335,-0.007256252593873673,0.18406736868456242,0.10620013653438318,0.9894633853713736,0.890625
18,T0,10.0,192,0.2697973415382217,-0.020261757599392267,0.2690354375915473,0.16407399330667272,0.9812199077762626,0.7916666666666666
18,T0,100.0,192,0.4416767394612898,-0.021398964551169408,0.4411580516065573,0.22927276074092615,0.9553821421796463,0.609375
18,T0,1000.0,192,0.8917459301512405,-0.01838206179646525,0.8915564501171039,0.6265952992204773,0.9326613133851615,0.2552083333333333
18,T0,10000.0,192,1.3803363128949118,-0.0013916240032302667,1.3803356113927343,1.1886260318521606,0.8905006419036986,0.140625
18,T1,1.0,192,0.16842174794346726,0.018877711865227687,0.1673604408905111,0.07693097388475689,0.9906527428353448,0.9270833333333334
18,T1,10.0,192,0.22565416946352007,0.019384661786676714,0.22482001486452932,0.1065068244934082,0.9861823992638666,0.8645833333333334
18,T1,100.0,192,0.36814487833023146,0.005390134426873185,0.36810541681920567,0.19164411007564294,0.964691940259697,0.7135416666666666
18,T1,1000.0,192,0.6740657259287247,-0.015368432330170009,0.6738905060612828,0.33101364705297,0.9222031701674834,0.4739583333333333
18,T1,10000.0,192,1.18524735283688,-0.011855718272009227,1.1851880565341042,0.9724796077039882,0.882954373856433,0.1875
18,T3,1.0,192,0.2073987769138701,-0.030499650068162614,0.20514391048990188,0.1284187098768398,0.9894633853713736,0.8697916666666666
18,T3,10.0,192,0.25763043474650527,-0.03975092672018084,0.254545290140203,0.13493273436229455,0.9867155595063366,0.8177083333333334
18,T3,100.0,192,0.41396256644937574,-0.03248562219448759,0.4126859469039269,0.20829998407892003,0.9630514472059436,0.625
18,T3,1000.0,192,0.7907599991094141,-0.037616219895162915,0.7898647961469858,0.5057601370758958,0.94398071545606,0.3020833333333333
18,T3,10000.0,192,1.3392328139853291,-0.00707984643884374,1.3392141000711817,1.136406104541217,0.9017380193219096,0.13541666666666666
18,T5,1.0,192,0.24774978929457012,-0.025577114797710115,0.24642599151495495,0.1328025275782694,0.9829834378090475,0.8333333333333334
18,T5,10.0,192,0.33292759962554686,-0.033700548635998105,0.3312175412233796,0.18862351001102698,0.9733045287919023,0.71875
18,T5,100.0,192,0.5653933867011619,-0.09384112360783292,0.5575513655668229,0.3580478313075445,0.9397974581689887,0.4427083333333333
18,T5,1000.0,192,1.0606627260630936,-0.07553551895129554,1.057969661113376,0.823497716421599,0.8397273818900304,0.11458333333333333
18,T5,10000.0,192,1.4085528061604606,-0.012232404104946784,1.4084996897522986,1.2156860932297349,0.7357201222820637,0.13020833333333334
18,T8,1.0,192,0.20443648809538306,-0.0083388443063485,0.20426634901620036,0.12282463134128821,0.9858132883267722,0.875
18,T8,10.0,192,0.27173517908708567,0.019736222709637152,0.27101750693755217,0.16560607755452839,0.9808097845128243,0.7395833333333334
18,T8,100.0,192,0.4485721349694982,0.023395209980926177,0.44796163275557666,0.25792349552045846,0.95895021457156,0.5677083333333334
18,T8,1000.0,192,0.9473051123537815,0.018097642285546927,0.9471322247898204,0.6989649534225464,0.9338096585227889,0.234375
18,T8,10000.0,192,1.3994427457323966,0.006759503798356918,1.3994264209637566,1.2427565711502182,0.8750389948720727,0.125
18,R0,1.0,192,0.21462189967162107,0.002487873755813904,0.21460747960597854,0.1297896983729742,0.9881099786020269,0.8072916666666666
18,R0,10.0,192,0.27345863979088236,0.028562089525581664,0.2719629289410823,0.1768923439927049,0.9817530680187325,0.7447916666666666
18,R0,100.0,192,0.43465850093032893,0.02242626197429624,0.43407957243443396,0.2537112236022949,0.9534955751678299,0.578125
18,R0,1000.0,192,0.8216293482519568,-0.007955752836742732,0.8215908299790936,0.540998007896249,0.9245818850954258,0.3229166666666667
18,R0,10000.0,192,1.3526890568546706,-0.0007323950798101553,1.352688858581982,1.217365334886992,0.8719630703962851,0.16666666666666666
22,T0,1.0,192,0.1580756559745459,-0.026414001263259577,0.15585317946403116,0.09282786495360762,0.99134995238319,0.9166666666666666
22,T0,10.0,192,0.20635841173239874,-0.015257591284393001,0.2057935859081051,0.14170369537444005,0.988643138844497,0.8645833333333334
22,T0,100.0,192,0.3307597098953768,-0.030781776236572595,0.32932425957070854,0.20880004498692992,0.9709258138639599,0.6875
22,T0,1000.0,192,0.5612665872406839,-0.05022452451495204,0.559014918486127,0.3510342049364197,0.9389361993157683,0.4166666666666667
22,T0,10000.0,192,1.1263107131001262,-0.020553162224172288,1.126123168204394,0.9551090069801601,0.8955041457176465,0.18229166666666666
22,T1,1.0,192,0.1351562332146872,0.007302713367264736,0.13495880021050308,0.06967453304091589,0.9916370386675967,0.9479166666666666
22,T1,10.0,192,0.1825182617226965,-0.013524791128514934,0.18201647147224007,0.09440520670679567,0.9907347674880324,0.9166666666666666
22,T1,100.0,192,0.29961893972193526,-0.023723548180936513,0.2986782588368351,0.17739846656581926,0.9776928477106928,0.734375
22,T1,1000.0,192,0.5020018582533678,-0.018308240202147497,0.5016678921662566,0.2923288345336914,0.9461133564259395,0.5208333333333334
22,T1,10000.0,192,1.004113396950476,-0.0030907074879395293,1.0041086402688946,0.7381217884782898,0.9252790946432711,0.20833333333333334
22,T3,1.0,192,0.1740034693735578,-0.0512760212293056,0.16627680836763273,0.1183383059736145,0.9918010879729721,0.921875
22,T3,10.0,192,0.21590033438940276,-0.07842337889182442,0.2011534937122527,0.12458806191018834,0.9904886935299694,0.84375
22,T3,100.0,192,0.332044908807981,-0.08547888500201577,0.320853832272754,0.21286512489604448,0.973632627402653,0.6666666666666666
22,T3,1000.0,192,0.5261517845542365,-0.08471161614068223,0.519287629816503,0.2601737458652169,0.9462774057313149,0.5260416666666666
22,T3,10000.0,192,1.097188360946474,-0.029347890192224318,1.0967957880743686,0.8867654308266281,0.9181839621857876,0.16666666666666666
22,T5,1.0,192,0.21927221122372567,-0.009357918577471107,0.21907243545192895,0.1342347601625279,0.9852801280843023,0.8854166666666666
22,T5,10.0,192,0.2780419529498473,-0.05816291821706169,0.27189042378252404,0.16434470593135583,0.9803996612493858,0.8020833333333334
22,T5,100.0,192,0.441363121920936,-0.13075969917285316,0.42154869999090255,0.26052253760983624,0.955197991587853,0.578125
22,T5,1000.0,192,0.7531008686324384,-0.14239127241281543,0.7395171694258306,0.5787847959077999,0.9279448958556205,0.2864583333333333
22,T5,10000.0,192,1.2876466770052108,-0.040194375343202284,1.2870191828381312,1.1464218601173997,0.8695023308156548,0.140625
22,T8,1.0,192,0.16857131261722202,-0.00827275268940005,0.16836819474126702,0.11657575037744997,0.9911859030778146,0.921875
22,T8,10.0,192,0.20755037239140103,-0.010134630894490806,0.20730278902234212,0.13857481276720318,0.9885201018654652,0.8958333333333334
22,T8,100.0,192,0.3154924240510709,-0.006270574929395048,0.315430102437411,0.1928980454392074,0.9758062806988762,0.7083333333333334
22,T8,1000.0,192,0.5760923396331923,0.00402661298505592,0.5760782674011526,0.345438695452003,0.9528393779463286,0.4322916666666667
22,T8,10000.0,192,1.2024068591128023,0.009832353117983805,1.2023666577519845,0.997600412866859,0.9269195876970245,0.16145833333333334
22,R0,1.0,192,0.16903636034567446,0.029177002085170416,0.16649923023315955,0.10626184643866174,0.990324644224594,0.9270833333333334
22,R0,10.0,192,0.21399562375493208,0.024102804037850364,0.212633915036561,0.1418677685154536,0.9876998553385886,0.875
22,R0,100.0,192,0.31988665084509565,0.03703329411439227,0.3177357463615466,0.1764808517773844,0.9724842822650257,0.6927083333333334
22,R0,1000.0,192,0.5264457037483603,0.04655076510997739,0.5243835478567019,0.31483231807817436,0.9459903194469079,0.484375
22,R0,10000.0,192,1.0937021471516697,0.023996987787804274,1.093438855748818,0.8913938014878509,0.9329073873432244,0.19270833333333334
26,T0,1.0,192,0.16269452784694619,0.008525888843259484,0.16247097774917565,0.09432424797362149,0.9910218537724392,0.9322916666666666
26,T0,10.0,192,0.18041805162989102,0.017552638523699118,0.1795621848685919,0.10395041882198083,0.9904476812036255,0.90625
26,T0,100.0,192,0.29626466547286945,-0.010746984334864948,0.2960696781763668,0.18205605092803137,0.9764624779203777,0.734375
26,T0,1000.0,192,0.4839518787640548,-0.020205417550681757,0.48352989779419125,0.3027867753451974,0.9437756538243408,0.4895833333333333
26,T0,10000.0,192,0.8655879704223892,0.0006168137966804377,0.8655877506530989,0.6692723190625713,0.909858459937989,0.22916666666666666
26,T1,1.0,192,0.12590695671687102,0.004828399144531554,0.12581434064288982,0.07754227070864561,0.9920881742573789,0.9791666666666666
26,T1,10.0,192,0.1392361603548709,0.00767029303850856,0.1390247278546904,0.08361799366149336,0.9920881742573789,0.9479166666666666
26,T1,100.0,192,0.19200531008127006,0.011944732726038765,0.19163340642880655,0.1053169110986546,0.9907347674880324,0.8802083333333334
26,T1,1000.0,192,0.3005481649183439,0.007811722132485381,0.3004466282605097,0.1719378602584101,0.9777338600370364,0.7083333333333334
26,T1,10000.0,192,0.5120797726966883,0.024338914954832456,0.5115010369724712,0.3324784481684162,0.9361883734507314,0.4166666666666667
26,T3,1.0,192,0.18019647868369798,0.019310148530126876,0.1791588376099512,0.10984885396124475,0.9906527428353448,0.9322916666666666
26,T3,10.0,192,0.18401534817429122,-0.009828215367673563,0.183752699426137,0.10666836475263622,0.9906937551616886,0.9114583333333334
26,T3,100.0,192,0.27430702598704737,-0.04608527250794444,0.2704080105391244,0.16573166847229004,0.9826553391982968,0.7864583333333334
26,T3,1000.0,192,0.4405573290922378,-0.06355838343707594,0.43594849708624067,0.25910934738643965,0.9557512531167408,0.578125
26,T3,10000.0,192,0.8420851360041848,-0.030803020713432366,0.8415215684663788,0.5646544461462779,0.9283550191190588,0.2708333333333333
26,T5,1.0,192,0.22483643631049574,0.03983721922876563,0.22127905245848029,0.13698698606720539,0.986838596485368,0.8333333333333334
26,T5,10.0,192,0.24790375798562836,-0.03651007565565778,0.24520050489143602,0.13420928889439446,0.9856492390213969,0.828125
26,T5,100.0,192,0.36093782899428556,-0.09043953014744195,0.34942353639361223,0.23491096889704022,0.9708437892112721,0.640625
26,T5,1000.0,192,0.5129468034665714,-0.09336117955752088,0.5043789382381086,0.29666411005961757,0.9484920713538818,0.5104166666666666
26,T5,10000.0,192,1.022485008798384,-0.03431475959924731,1.0219090421808965,0.8332466145780727,0.9269195876970245,0.171875
26,T8,1.0,192,0.17680571594457478,0.007979933890622126,0.1766255413177125,0.09782973705928552,0.9912679277305023,0.8958333333333334
26,T8,10.0,192,0.17993236038866856,0.008011393346310925,0.17975392037919058,0.10524406580981138,0.9909808414460954,0.90625
26,T8,100.0,192,0.23176504902467554,-0.005946612509169905,0.2316887475668079,0.1387095943503739,0.9863874608955859,0.8385416666666666
26,T8,1000.0,192,0.35426787191375597,-0.0020138527225243377,0.35426214794628197,0.2091464245478108,0.9677268524091407,0.6614583333333334
26,T8,10000.0,192,0.6117007683033157,0.03766985216281937,0.6105397711704766,0.35771803880800224,0.9286010930771217,0.40625
26,R0,1.0,192,0.17790654597181912,0.05412709908974297,0.16947270058552835,0.10643678117335731,0.9911038784251269,0.8958333333333334
26,R0,10.0,192,0.1784469227213455,0.03247870204142855,0.17546634475711276,0.10532621619740601,0.9910218537724392,0.90625
26,R0,100.0,192,0.22809310963371068,0.010478508445542323,0.22785229321455747,0.14333857272993109,0.9876588430122448,0.8229166666666666
26,R0,1000.0,192,0.35811164513290666,0.0145335962106002,0.3578166080005009,0.21669817841541905,0.9664964826188257,0.6302083333333334
26,R0,10000.0,192,0.5976583794286446,0.04405027078879006,0.5960328112987641,0.3871503692944742,0.9283140067927148,0.3697916666666667
29,T0,1.0,192,0.18088187314452714,0.05076639798573779,0.17361170717387261,0.10276281833648682,0.9904476812036255,0.9010416666666666
29,T0,10.0,192,0.18704562916566786,0.0353859269334463,0.1836679165369971,0.0966886579990387,0.9900785702665311,0.8802083333333334
29,T0,100.0,192,0.2667743706222778,-0.007183443191974097,0.2666776386666496,0.15989433286986804,0.9811378831235749,0.78125
29,T0,1000.0,192,0.4414376814486217,-0.034517817412395006,0.4400860675865795,0.2738470214525961,0.94943535485979,0.5572916666666666
29,T0,10000.0,192,0.7509854285187871,-0.019345656560936304,0.7507362116081605,0.5595582532648193,0.915313099341719,0.2604166666666667
29,T1,1.0,192,0.1512738586021965,0.008877122871996232,0.15101316825334413,0.09416007124888759,0.9918010879729721,0.9583333333333334
29,T1,10.0,192,0.149216587692481,0.007942346953274077,0.14900506423427928,0.08460991535714879,0.991842100299316,0.9479166666666666
29,T1,100.0,192,0.17928778176289223,0.008174650157909857,0.17910132267589274,0.10886957595607805,0.9911038784251269,0.921875
29,T1,1000.0,192,0.27089410790038876,0.012801447204422228,0.2705914644711098,0.16659791386652514,0.9817530680187325,0.7395833333333334
29,T1,10000.0,192,0.4410373048467033,0.010854491129936047,0.4409037131718829,0.2770139316293553,0.9480409357640999,0.53125
29,T3,1.0,192,0.21121230806957264,0.01575218337071068,0.21062409121259507,0.13567288935978186,0.9881920032547147,0.8854166666666666
29,T3,10.0,192,0.1947244966691237,0.006562806763173408,0.19461387198869665,0.12274988711673987,0.9893813607186859,0.8958333333333334
29,T3,100.0,192,0.23225510447791214,-0.019771253592847527,0.23141203747301736,0.13147497177124023,0.9874127690541817,0.8489583333333334
29,T3,1000.0,192,0.35364778064232294,-0.05081033572761092,0.3499786601158534,0.21142148971557617,0.967685840082797,0.640625
29,T3,10000.0,192,0.5895554532109886,-0.04073198533513023,0.588146697501119,0.332873083941152,0.9393873349055505,0.46875
29,T5,1.0,192,0.2379520315491969,0.0015984799443893305,0.2379466624692546,0.15215754212500207,0.9856492390213969,0.8333333333333334
29,T5,10.0,192,0.25602750331710944,-0.034324959444084494,0.25371613983732777,0.14973363603223774,0.9850340541262392,0.8229166666666666
29,T5,100.0,192,0.3354241705487683,-0.08933260778792573,0.3233095411121327,0.1951692596488358,0.9752731204564065,0.6666666666666666
29,T5,1000.0,192,0.4579340710333456,-0.10951243144976967,0.44464664709309654,0.25799707648793335,0.9548899942635203,0.5677083333333334
29,T5,10000.0,192,0.8166186706795914,-0.05182892384834958,0.8149722792556965,0.609173643838062,0.9334405475856942,0.2708333333333333
29,T8,1.0,192,0.16831229508148196,-0.007799044154165912,0.16813150682093234,0.08606385017503718,0.9910628660987831,0.9322916666666666
29,T8,10.0,192,0.17693835002784056,-0.004297139025806117,0.17688616199908774,0.08543610572814941,0.9909398291197515,0.90625
29,T8,100.0,192,0.20853905002052556,-0.016978478582778303,0.20784673836381795,0.11383337821432338,0.9902016072455625,0.8697916666666666
29,T8,1000.0,192,0.2986977747668222,-0.019343164341726633,0.29807080139440056,0.1746700251261189,0.9781029709741311,0.7395833333333334
29,T8,10000.0,192,0.5005499365247434,0.017571183018804854,0.5002414341917755,0.304586994897022,0.9439397031297161,0.484375
29,R0,1.0,192,0.19611522253156816,0.032034413986326525,0.19348120536413646,0.1092519760131836,0.9902426195719064,0.8854166666666666
29,R0,10.0,192,0.1907573451693898,0.024033054185828833,0.18923735636119718,0.1124554497082926,0.9905297058563132,0.8958333333333334
29,R0,100.0,192,0.21360489490357884,0.01577472882759697,0.21302161640825268,0.11719144557844183,0.9886841511708406,0.8645833333333334
29,R0,1000.0,192,0.30719168902687316,0.007569146129410731,0.3070984236919082,0.19771051406860352,0.9770366504891913,0.7291666666666666
29,R0,10000.0,192,0.4971873584670218,0.021967110010903342,0.4967018376221128,0.31352331588527727,0.9411098526119914,0.46875
33,T0,1.0,192,0.1840245065453647,0.03944669363192844,0.17974698153452745,0.11949608123033795,0.9907757798143763,0.9010416666666666
33,T0,10.0,192,0.1865111279527887,0.03692157762539513,0.18282012459210678,0.10755053131013026,0.9911038784251269,0.8854166666666666
33,T0,100.0,192,0.23958866847956417,0.006257342271925276,0.23950694297139377,0.14567952309182897,0.9854851897160215,0.8072916666666666
33,T0,1000.0,192,0.38500787527313507,-0.02733492903617892,0.38403628171947635,0.22772093536814575,0.9596474241194052,0.609375
33,T0,10000.0,192,0.6215995974471547,-0.018612884508648248,0.6213208672471354,0.4593257923821147,0.9229824043680163,0.3385416666666667
33,T1,1.0,192,0.15843389903916813,0.0009799419012380337,0.15843086845253207,0.08602917194366455,0.991308940056846,0.9375
33,T1,10.0,192,0.15611213317961997,0.0021839077625883337,0.15609685670370146,0.0833323935243443,0.9916370386675967,0.9479166666666666
33,T1,100.0,192,0.16917749344901045,0.0014936294758531147,0.16917089986365516,0.08870553292920269,0.9913909647095338,0.9322916666666666
33,T1,1000.0,192,0.22462261797251012,0.0016008181849333388,0.22461691362398117,0.1430396146344344,0.9876178306859008,0.84375
33,T1,10000.0,192,0.3614498741095548,0.014009316238682734,0.36117828084249143,0.23026408228644757,0.9649380142177598,0.6302083333333334
33,T3,1.0,192,0.2705165366513182,0.011991797112346955,0.27025061221732743,0.1416584966076472,0.9817530680187325,0.8072916666666666
33,T3,10.0,192,0.25573699209673606,0.011134980033259856,0.2554944644142901,0.1389534103791021,0.9835576103778613,0.828125
33,T3,100.0,192,0.23169282742662856,-0.0007143466691958261,0.2316917262005307,0.13973555742900598,0.9859363253058037,0.8697916666666666
33,T3,1000.0,192,0.27032263903527687,-0.03224056576895588,0.26839313533303016,0.16636386906832012,0.981342944755294,0.8072916666666666
33,T3,10000.0,192,0.4079313927232345,-0.05942322490322464,0.4035801054452741,0.2542576193809509,0.9593603378349983,0.6041666666666666
33,T5,1.0,192,0.31008500820320656,0.0005283474653177134,0.3100845580826923,0.18579089345099084,0.9777338600370364,0.7447916666666666
33,T5,10.0,192,0.30297671338789495,-0.008456809348939595,0.3028586654381319,0.18324117008010046,0.9782670202795065,0.7708333333333334
33,T5,100.0,192,0.31140911832585094,-0.047068482167600324,0.3078314424533695,0.18653934058388574,0.9781029709741311,0.7291666666666666
33,T5,1000.0,192,0.3853227567265988,-0.09145164914635691,0.3743130010029004,0.2234080249384989,0.9652251005021667,0.6458333333333334
33,T5,10000.0,192,0.5415010062409694,-0.0756879007091907,0.5361853051382685,0.3599805339760421,0.9459903194469079,0.4427083333333333
33,T8,1.0,192,0.17587916666683992,0.01350957102867093,0.17535955279950777,0.11173754089203447,0.9911448907514707,0.921875
33,T8,10.0,192,0.17459964396719707,0.016753754986247687,0.17379397966366025,0.10693259086080775,0.9911448907514707,0.9427083333333334
33,T8,100.0,192,0.18323995165282533,0.005202770951312057,0.18316607506893287,0.1045749867645207,0.991308940056846,0.9322916666666666
33,T8,1000.0,192,0.23964710335609504,-0.011902454522330295,0.23935134368394667,0.1256843500567277,0.9866335348536488,0.8489583333333334
33,T8,10000.0,192,0.3924215868634766,0.0013432603060417002,0.39241928786465036,0.23184169505964305,0.9610828555414394,0.59375
33,R0,1.0,192,0.17126533184252696,0.019776877733986842,0.17011963143101919,0.0937853610356853,0.9912679277305023,0.921875
33,R0,10.0,192,0.16928452596139212,0.016619244687677687,0.16846676656238266,0.09431388581067768,0.9912269154041584,0.9166666666666666
33,R0,100.0,192,0.18557332492996872,0.004561761491419143,0.18551724787107843,0.08537999569576013,0.9905707181826572,0.921875
33,R0,1000.0,192,0.24896417706840923,0.0012177397538436115,0.24896119893116303,0.15292943691144964,0.9846649431891449,0.8333333333333334
33,R0,10000.0,192,0.39745968763755907,0.011018389933229752,0.3973069322076136,0.27200416801015015,0.9585811036344655,0.5729166666666666
37,T0,1.0,192,0.20224873554683895,0.03424008883329359,0.19932929375027486,0.11524201903113751,0.9890942744342789,0.8489583333333334
37,T0,10.0,192,0.19694180675225983,0.03622152355603503,0.19358222149289447,0.11201131047369592,0.9901605949192187,0.8645833333333334
37,T0,100.0,192,0.22771045253958133,0.013462216380160319,0.22731216185218658,0.13093622086844897,0.9870846704434311,0.828125
37,T0,1000.0,192,0.3484531132184832,-0.023342645940262807,0.34767037980270993,0.21137153805853479,0.9665374949451694,0.671875
37,T0,10000.0,192,0.5552669774546136,-0.022841851440150274,0.5547969593232902,0.38504052359854535,0.9328663750168806,0.4010416666666667
37,T1,1.0,192,0.17294641907150177,0.03158690976393349,0.1700374399984328,0.09548027000735126,0.9911448907514707,0.9010416666666666
37,T1,10.0,192,0.16928315975935918,0.03248137742074456,0.16613773893659403,0.09508486808140051,0.9912679277305023,0.9010416666666666
37,T1,100.0,192,0.16767970095633744,0.027077735809406898,0.1654789362313002,0.08989258826572669,0.9915550140149092,0.9166666666666666
37,T1,1000.0,192,0.20391729154601432,0.011789518816194207,0.20357619958517945,0.12547909145069625,0.9899965456138433,0.875
37,T1,10000.0,192,0.31729126780549555,0.017408122716269164,0.3168133612856535,0.20589616501599994,0.9737966767080284,0.6927083333333334
37,T3,1.0,192,0.2632953101158792,-0.014920797722616527,0.26287219351680724,0.16949101508457434,0.9842548199257064,0.8125
37,T3,10.0,192,0.26108305789333125,-0.013991633953729007,0.2607078773229482,0.1672287123791967,0.9843368445783941,0.828125
37,T3,100.0,192,0.25072106459960875,-0.011457202237922686,0.2504591478681514,0.14525389869009808,0.9846649431891449,0.8229166666666666
37,T3,1000.0,192,0.24204446246923383,-0.025209402412999415,0.24072807863230206,0.14089581495597023,0.9851981034316146,0.8385416666666666
37,T3,10000.0,192,0.30947213846010013,-0.052545770595052575,0.3049786000289848,0.18007638785573485,0.9769546258365038,0.703125
37,T5,1.0,192,0.34224042129727394,-0.014360222247321142,0.34193901501107343,0.23040026807259992,0.972115171327931,0.6927083333333334
37,T5,10.0,192,0.3337505023729549,-0.014837739891885452,0.33342051422955443,0.22375129189720722,0.9733045287919023,0.6927083333333334
37,T5,100.0,192,0.3205459272554162,-0.018011878457743657,0.3200394721193904,0.20678091049194336,0.9754781820881256,0.7083333333333334
37,T5,1000.0,192,0.3502264096674012,-0.043807544958669675,0.3474758078387795,0.21811379367039543,0.9710488508429915,0.671875
37,T5,10000.0,192,0.44749910457786934,-0.0653877572813543,0.44269615968032694,0.26582377307739824,0.9518140697877325,0.5625
37,T8,1.0,192,0.17901059721419102,-0.01459403388408694,0.17841470816603505,0.10142425838271277,0.9903656565509379,0.9010416666666666
37,T8,10.0,192,0.1763219921016103,-0.010198647059081726,0.17602679482636896,0.10568254805136248,0.99081679214072,0.90625
37,T8,100.0,192,0.17580678441510997,0.0019029184286010932,0.17579648559580205,0.10024657071430457,0.991596026341253,0.9270833333333334
37,T8,1000.0,192,0.19136193566353504,0.007507696534615027,0.19121460434192536,0.10034057565204305,0.9911859030778146,0.8958333333333334
37,T8,10000.0,192,0.2838714173637042,0.02435269938264913,0.2828249063092865,0.15951909898917901,0.9798254886805722,0.7447916666666666
37,R0,1.0,192,0.16547040343578628,0.022675598913601307,0.16390933965796872,0.10219430923461914,0.9910218537724392,0.9427083333333334
37,R0,10.0,192,0.16220024906285252,0.015902617422661452,0.16141879554488023,0.09206945000527747,0.9912269154041584,0.9427083333333334
37,R0,100.0,192,0.16412236148616915,-0.0005554115047839611,0.16412142169094543,0.08036867558162439,0.9911859030778146,0.9270833333333334
37,R0,1000.0,192,0.20163630997083165,0.004008547189753522,0.2015964609016756,0.11445347248714197,0.9902016072455625,0.890625
37,R0,10000.0,192,0.3221643328725276,0.02775693632455793,0.3209663687383387,0.202638915708929,0.9744118616031859,0.671875
